title,publication,Book Series Title,Journal Volume,Journal Issue, doi,author,Publication Year,url,Content Type
Building a business email compromise research dataset with large language models,Journal of Computer Virology and Hacking Techniques,,,,10.1007/s11416-024-00544-y,Rohit Dube,2025,https://link.springer.com/article/10.1007/s11416-024-00544-y,Article
Business Email Compromise (BEC),Social Engineering und Human Hacking,,,,10.1007/978-3-662-69388-9_9,Erfan KozaAsiye ÖztürkMichael Willer,2024,https://link.springer.com/chapter/10.1007/978-3-662-69388-9_9,Chapter
A Comprehensive Review of Social Engineering on Maritime Cybersecurity,Maritime Cybersecurity,,,,10.1007/978-3-031-87290-7_10,Veera Senthil Kumar GanesanMihir Chandra,2025,https://link.springer.com/chapter/10.1007/978-3-031-87290-7_10,Chapter
A Novel Framework to Detect Business Email Compromise Through Unconsented Email Autoforwards,Advancements in Smart Computing and Information Security,,,,10.1007/978-3-031-59100-6_17,Priti KulkarniJatinderkumar R. Saini,2024,https://link.springer.com/chapter/10.1007/978-3-031-59100-6_17,Conference paper
Social Engineering: Exploiting Human Psychology,"Cybersecurity, Psychology and People Hacking",,,,10.1007/978-3-031-85994-6_7,Tarnveer Singh,2025,https://link.springer.com/chapter/10.1007/978-3-031-85994-6_7,Chapter
Phishing Email Detection: Survey,Recent Trends and Advances in Artificial Intelligence,,,,10.1007/978-3-031-70924-1_42,Raweia S. MohamedAliRazn A. Abduhameed,2024,https://link.springer.com/chapter/10.1007/978-3-031-70924-1_42,Conference paper
Crypto Phishing and Spoofing Scams,"The Cryptocurrency and Digital Asset Fraud Casebook, Volume II",,,,10.1007/978-3-031-60836-0_7,Jason Scharfman,2024,https://link.springer.com/chapter/10.1007/978-3-031-60836-0_7,Chapter
Phishing and Social Engineering in the Age of LLMs,Large Language Models in Cybersecurity,,,,10.1007/978-3-031-54827-7_8,Sean GallagherBen GelmanSalma TaoufiqTamás VörösYounghoo LeeAdarsh KyadigeSean Bergeron,2024,https://link.springer.com/chapter/10.1007/978-3-031-54827-7_8,Chapter
Legal and ethical considerations when conducting phishing experiments in Germany,International Cybersecurity Law Review,,,,10.1365/s43439-025-00148-2,Robin StreiberDaniela Pöhn,2025,https://link.springer.com/article/10.1365/s43439-025-00148-2,Article
Phishing Tactics and Techniques,How to Catch a Phish,,,,10.1007/978-1-4842-9361-4_2,Nicholas Oles,2023,https://link.springer.com/chapter/10.1007/978-1-4842-9361-4_2,Chapter
An Ontological Model of&#xa0;the&#xa0;Phishing Attack Process,"Enterprise, Business-Process and Information Systems Modeling",,,,10.1007/978-3-031-95397-2_17,Ítalo OliveiraGerd WagnerGlenda AmaralTiago Prince SalesJan-Willem BulléeMarianne JungerDipti K. SarmahMaya DanevaGiancarlo Guizzardi,2025,https://link.springer.com/chapter/10.1007/978-3-031-95397-2_17,Conference paper
Phishing Faster: Implementing ChatGPT into Phishing Campaigns,"Proceedings of the Future Technologies Conference (FTC) 2023, Volume 1",,,,10.1007/978-3-031-47454-5_13,Tyson LangfordBryson Payne,2023,https://link.springer.com/chapter/10.1007/978-3-031-47454-5_13,Conference paper
Eyes on phishing emails: an eye-tracking study,Journal of Experimental Criminology,,,,10.1007/s11292-024-09648-3,Liliana RibeiroInês Sousa GuedesCarla Sofia Cardoso,2024,https://link.springer.com/article/10.1007/s11292-024-09648-3,Article
Developing and implementing social engineering-prevention policies: a qualitative study,Security Journal,,,,10.1057/s41284-023-00385-2,Kevin F. SteinmetzThomas J. HoltChristopher G. Brewer,2023,https://link.springer.com/article/10.1057/s41284-023-00385-2,Article
Email and Browser Protections,Critical Security Controls for Effective Cyber Defense,,,,10.1007/979-8-8688-0506-6_9,Dr. Jason Edwards,2024,https://link.springer.com/chapter/10.1007/979-8-8688-0506-6_9,Chapter
A Contemporary Framework for Detection of Phishing Website for Cyber Societal Safety,SN Computer Science,,,,10.1007/s42979-025-03942-1,B. N. LakshmiB. K. DhanalakshmiK. Tharun Reddy,2025,https://link.springer.com/article/10.1007/s42979-025-03942-1,Article
Cacography based Ransomware Email Phishing Attack Prevention using Language Pack Tuned Transformer Language Model,Scientific Reports,,,,10.1038/s41598-025-06530-8,S. AbiramasundariV. Ramaswamy,2025,https://link.springer.com/article/10.1038/s41598-025-06530-8,Article
Social Engineering Attacks in Healthcare Systems: A Survey,National Cyber Summit (NCS) Research Track 2021,,,,10.1007/978-3-030-84614-5_11,Christopher NguyenWalt WilliamsBrandon DidlakeDonte MitchellJames McGinnisDipankar Dasgupta,2022,https://link.springer.com/chapter/10.1007/978-3-030-84614-5_11,Conference paper
Impact of AI-Generated Phishing Attacks: A New Cybersecurity Threat,Intelligent Computing,,,,10.1007/978-3-031-92605-1_19,Taiwo Oladipupo Ayodele,2025,https://link.springer.com/chapter/10.1007/978-3-031-92605-1_19,Conference paper
Emerging Phishing Attack Trends: A South African Case Study,Towards new e-Infrastructure and e-Services for Developing Countries,,,,10.1007/978-3-031-81570-6_24,Jabu MtsweniPrecious MadumaVhuthu NefaleAlex RamantswanaMfundo MasangoMuyowa Mutemwa,2025,https://link.springer.com/chapter/10.1007/978-3-031-81570-6_24,Conference paper
Development of Proposed Model Using Random Forest with Optimization Technique for Classification of Phishing Website,SN Computer Science,,,,10.1007/s42979-024-03388-x,Prakash PathakAkhilesh Kumar Shrivas,2024,https://link.springer.com/article/10.1007/s42979-024-03388-x,Article
Detection of Business Email Compromise Attacks with Writing Style Analysis,Mobile Internet Security,,,,10.1007/978-981-16-9576-6_18,Alisa VorobevaGuldar KhisaevaDanil ZakoldaevIgor Kotenko,2022,https://link.springer.com/chapter/10.1007/978-981-16-9576-6_18,Conference paper
A systematic review and research challenges on phishing cyberattacks from an electroencephalography and gaze-based perspective,Personal and Ubiquitous Computing,,,,10.1007/s00779-024-01794-9,George A. ThomopoulosDimitrios P. LyrasChristos A. Fidas,2024,https://link.springer.com/article/10.1007/s00779-024-01794-9,Article
Phishing URL detection with neural networks: an empirical study,Scientific Reports,,,,10.1038/s41598-024-74725-6,Hayk GhalechyanElina IsrayelyanAvag ArakelyanGerasim HovhannisyanArman Davtyan,2024,https://link.springer.com/article/10.1038/s41598-024-74725-6,Article
The Hidden Dangers of Publicly Accessible LLMs: A Case Study on Gab AI,Digital Forensics and Cyber Crime,,,,10.1007/978-3-031-89363-6_18,Lakshika VaishnavSakshi SinghKimberly A. Cornell,2025,https://link.springer.com/chapter/10.1007/978-3-031-89363-6_18,Conference paper
Characterizing the&#xa0;Networks Sending Enterprise Phishing Emails,Passive and Active Measurement,,,,10.1007/978-3-031-85960-1_18,Elisa LuoLiane YoungGrant HoM. H. AfifiMarco SchweighauserEthan Katz-BassettAsaf Cidon,2025,https://link.springer.com/chapter/10.1007/978-3-031-85960-1_18,Conference paper
A Comparative Analysis of Phishing Tools: Features and Countermeasures,Information Security Practice and Experience,,,,10.1007/978-981-97-9053-1_21,Rishikesh SahayWeizhi MengWenjuan Li,2025,https://link.springer.com/chapter/10.1007/978-981-97-9053-1_21,Conference paper
Phishing Email Detection Using NLP and CNN Model,Advances in Intelligent Systems and Digital Applications,,,,10.1007/978-3-031-95330-9_22,Meryem HilaniBouchra NassihImane LmatiYoussef BaloukiAouatif Amine,2025,https://link.springer.com/chapter/10.1007/978-3-031-95330-9_22,Conference paper
Simulation Tests in Anti-phishing Training,ITNG 2024: 21st International Conference on Information Technology-New Generations,,,,10.1007/978-3-031-56599-1_12,Peyton LutchkusPing WangJim Mahony,2024,https://link.springer.com/chapter/10.1007/978-3-031-56599-1_12,Conference paper
Intelligent phishing website detection using machine learning,Multimedia Tools and Applications,,,,10.1007/s11042-023-14731-4,Ashish Kumar JhaRaja MuthalaguPranav M. Pawar,2023,https://link.springer.com/article/10.1007/s11042-023-14731-4,Article
The Power of Persuasion: Exploring Social Engineering in the Digital Age,Current and Future Trends on Intelligent Technology Adoption,,,,10.1007/978-3-031-61463-7_16,Rand K. AbdelhamidMahmoud Maqableh,2024,https://link.springer.com/chapter/10.1007/978-3-031-61463-7_16,Chapter
Cyberattacks on the Maritime Sector: A Literature Review,Journal of Marine Science and Application,,,,10.1007/s11804-024-00443-0,Steve SymesEddie Blanco-DavisTony GrahamJin WangEdward Shaw,2024,https://link.springer.com/article/10.1007/s11804-024-00443-0,Article
Cybersecurity in the Digital Age,Technology for Societal Transformation,,,,10.1007/978-981-96-1721-0_8,Ileyas RizviShiv RajVikram Singh,2025,https://link.springer.com/chapter/10.1007/978-981-96-1721-0_8,Chapter
Phishing and Human Error. Beyond Training and Simulations,Information Systems and Technologies,,,,10.1007/978-3-031-45642-8_12,Jeimy J. Cano M.,2024,https://link.springer.com/chapter/10.1007/978-3-031-45642-8_12,Conference paper
Securing the remote office: reducing cyber risks to remote working through regular security awareness education campaigns,International Journal of Information Security,,,,10.1007/s10207-023-00809-5,Giddeon Njamngang AngaforIryna YevseyevaLeandros Maglaras,2024,https://link.springer.com/article/10.1007/s10207-023-00809-5,Article
ZeSAI: AI vigilant malware detection in email security with zero shot-based hybrid network and threat intelligence integration,Journal of Combinatorial Optimization,,,,10.1007/s10878-025-01306-2,Venkadeshan RamalingamR. GopalSyed Ziaur RahmanR. Senthil,2025,https://link.springer.com/article/10.1007/s10878-025-01306-2,Article
"Revolutionizing Social Engineering Awareness Raising, Education and Training: Generative AI-Powered Investigations in the Maritime Domain","HCI for Cybersecurity, Privacy and Trust",,,,10.1007/978-3-031-61382-1_5,Michail LoupasakisGeorgios PotamosEliana Stavrou,2024,https://link.springer.com/chapter/10.1007/978-3-031-61382-1_5,Conference paper
A case study on phishing detection with a machine learning net,International Journal of Data Science and Analytics,,,,10.1007/s41060-024-00579-w,Ana BezerraIvo PereiraMiguel Ângelo RebeloDuarte CoelhoDaniel Alves de OliveiraJoaquim F. Pinto CostaRicardo P. M. Cruz,2024,https://link.springer.com/article/10.1007/s41060-024-00579-w,Article
Artificial Intelligence – Opportunity and Risk for Corporate Cyber Security,Datenschutz und Datensicherheit - DuD,,,,10.1007/s11623-024-2034-7,Luis MolinaMartin Arno Schöpper,2025,https://link.springer.com/article/10.1007/s11623-024-2034-7,Article
Guarding the Digital Gateway: An In-Depth Analysis of Cybersecurity Challenges in India,Emerging Trends in Information System Security Using AI & Data Science for Next-Generation Cyber Analytics,,,,10.1007/978-3-031-81481-5_6,Snehal A. Bagul,2025,https://link.springer.com/chapter/10.1007/978-3-031-81481-5_6,Chapter
All Your LLMs Belong to&#xa0;Us: Experiments with&#xa0;a&#xa0;New Extortion Phishing Dataset,Data and Applications Security and Privacy XXXVIII,,,,10.1007/978-3-031-65172-4_15,Fatima Zahra QachfarRakesh M. Verma,2024,https://link.springer.com/chapter/10.1007/978-3-031-65172-4_15,Conference paper
How Good Are We at Detecting a Phishing Attack? Investigating the Evolving Phishing Attack Email and Why It Continues to Successfully Deceive Society,SN Computer Science,,,,10.1007/s42979-022-01069-1,Fiona CarrollJohn Ayooluwa AdejobiReza Montasari,2022,https://link.springer.com/article/10.1007/s42979-022-01069-1,Article
Phishing Website Detection Through Multi-model Analysis of&#xa0;HTML Content,Proceedings of International Conference on Theoretical and Applied Computing,,,,10.1007/978-981-97-6957-5_15,Furkan ÇolhakMert İlhan EcevitBilal Emir UçarReiner CreutzburgHasan Dağ,2025,https://link.springer.com/chapter/10.1007/978-981-97-6957-5_15,Conference paper
Cybersecurity Readiness Model Based on Human Factors,Arabian Journal for Science and Engineering,,,,10.1007/s13369-025-10349-w,Yusuf Taoheed AbiodunSajjad MahmoodMahmood NiaziMohammad AlshayebAzzah A. AlGhamdi,2025,https://link.springer.com/article/10.1007/s13369-025-10349-w,Article
Social Engineering Attacks During the COVID-19 Pandemic,SN Computer Science,,,,10.1007/s42979-020-00443-1,Venkatesha SushruthK. Rahul ReddyB. R. Chandavarkar,2021,https://link.springer.com/article/10.1007/s42979-020-00443-1,Article
Phisherman: Phishing Link Scanner,Machine Learning for Networking,,,,10.1007/978-3-031-36183-8_11,Christian Angelo A. EscosesMark Renzo R. MagnoHannah Mae P. BalbaNeil C. EnriquezMarlon A. Diloy,2023,https://link.springer.com/chapter/10.1007/978-3-031-36183-8_11,Conference paper
Large Language Models in Cyberattacks,Doklady Mathematics,,,,10.1134/S1064562425700012,S. V. LebedD. E. NamiotE. V. ZubarevaP. V. KhenkinA. A. VorobevaD. A. Svichkar,2024,https://link.springer.com/article/10.1134/S1064562425700012,Article
The Effectiveness of&#xa0;Transformer-Based Models for&#xa0;BEC Attack Detection,Network and System Security,,,,10.1007/978-3-031-39828-5_5,Amirah AlmutairiBooJoong KangNawfal Fadhel,2023,https://link.springer.com/chapter/10.1007/978-3-031-39828-5_5,Conference paper
Analysis of Cybercrimes with Machine Learning Techniques,Proceedings of International Conference on Artificial Intelligence and Networks,,,,10.1007/978-981-96-2015-9_32,Anil V. TurukmaneD. Ramkumar,2025,https://link.springer.com/chapter/10.1007/978-981-96-2015-9_32,Conference paper
Computational Approaches to Persuasion Detection and Potential of Use in Social Engineering,"Proceedings of the Future Technologies Conference (FTC) 2023, Volume 4",,,,10.1007/978-3-031-47448-4_30,Subia AnsariMohammad Zaiyan Alam,2023,https://link.springer.com/chapter/10.1007/978-3-031-47448-4_30,Conference paper
A deep learning mechanism to detect phishing URLs using the permutation importance method and SMOTE-Tomek link,The Journal of Supercomputing,,,,10.1007/s11227-024-06124-7,Rania ZaimiMohamed HafidiMahnane Lamia,2024,https://link.springer.com/article/10.1007/s11227-024-06124-7,Article
Combatting Fraud,Information Security Planning,,,,10.1007/978-3-031-43118-0_2,Susan Lincke,2024,https://link.springer.com/chapter/10.1007/978-3-031-43118-0_2,Chapter
Fortifying Economic Foundations: Cybersecurity Imperatives for a Resilient Financial System,The Role of the Public Sector in Building Social and Economic Resilience,,,,10.1007/978-3-031-67702-1_12,Alina HyzGrigorios Gikas,2024,https://link.springer.com/chapter/10.1007/978-3-031-67702-1_12,Chapter
Introduction to Phishing,Phishing and Communication Channels,,,,10.1007/978-1-4842-7744-7_1,Gunikhan Sonowal,2022,https://link.springer.com/chapter/10.1007/978-1-4842-7744-7_1,Chapter
The Dual-Edged Sword of&#xa0;Large Language Models in&#xa0;Phishing,Secure IT Systems,,,,10.1007/978-3-031-79007-2_14,Alec SiemerinkSlinger JansenKatsiaryna Labunets,2025,https://link.springer.com/chapter/10.1007/978-3-031-79007-2_14,Conference paper
"AI-Powered Tools: Threat, Defense, and Cyber-Resilience for Individuals",Digital Technology Platforms and Deployment,,,,10.1007/978-3-031-86547-3_14,Tatiana AntipovaSimona RiureanPatricia RiureanGeorge Bolog,2025,https://link.springer.com/chapter/10.1007/978-3-031-86547-3_14,Chapter
Using Website Content for&#xa0;Detecting Phishing URLs: A Novel Approach,Advances in Data-Driven Computing and Intelligent Systems,,,,10.1007/978-981-99-9518-9_7,Vaishali GanganwarSyed Iarshed HussainAnkur PowarShushant GaurAmit Kumar,2024,https://link.springer.com/chapter/10.1007/978-981-99-9518-9_7,Conference paper
Bytes and Battles in AI Era. Safeguarding Consumers’ Digital World,Digital Technology Platforms and Deployment,,,,10.1007/978-3-031-86547-3_16,Tatiana AntipovaSimona Riurean,2025,https://link.springer.com/chapter/10.1007/978-3-031-86547-3_16,Chapter
"Research Findings—Cybercrime Composition, Frequency, and Complexity in Nigeria (From a Law Enforcement Perspective)","Cybercrime, Digital Forensic Readiness, and Financial Crime Investigation in Nigeria",,,,10.1007/978-3-031-54089-9_6,Robinson Tombari SibeChristian Kaunert,2024,https://link.springer.com/chapter/10.1007/978-3-031-54089-9_6,Chapter
The State of Data Breaches in the African Cyberspace: A Trend Analysis Using Social Media and Research Literature,Towards new e-Infrastructure and e-Services for Developing Countries,,,,10.1007/978-3-031-81570-6_17,Jabu MtsweniMuyowa MutemwaMfundo MasangoSamson ChishiriSiwe Moyakhe,2025,https://link.springer.com/chapter/10.1007/978-3-031-81570-6_17,Conference paper
Cyber Crime in Nigeria—Reviewing the Problems,"Cybercrime, Digital Forensic Readiness, and Financial Crime Investigation in Nigeria",,,,10.1007/978-3-031-54089-9_2,Robinson Tombari SibeChristian Kaunert,2024,https://link.springer.com/chapter/10.1007/978-3-031-54089-9_2,Chapter
Cost-Effective Cybersecurity Framework for Small and Medium-Sized Enterprises,Deep Learning and Visual Artificial Intelligence,,,,10.1007/978-981-97-4533-3_11,Nadia AnsarSuraiya ParveenBhavya AlankarIhtiram Raza Khan,2024,https://link.springer.com/chapter/10.1007/978-981-97-4533-3_11,Conference paper
Security Awareness and Skills Training,Critical Security Controls for Effective Cyber Defense,,,,10.1007/979-8-8688-0506-6_14,Dr. Jason Edwards,2024,https://link.springer.com/chapter/10.1007/979-8-8688-0506-6_14,Chapter
Review of&#xa0;Phishing Attacks’ Effects on&#xa0;AI-Powered IoT Systems,Innovations in Electrical and Electronic Engineering,,,,10.1007/978-981-99-8661-3_24,S. D. MohanaD. Rafiya NusrathS. P. Shiva PrakashKirill Krinkin,2024,https://link.springer.com/chapter/10.1007/978-981-99-8661-3_24,Conference paper
The Evolving Threat Landscape: Understanding Cyber Threats in the Digital Age,Boardroom Cybersecurity,,,,10.1007/979-8-8688-0785-5_1,Dan Weis,2024,https://link.springer.com/chapter/10.1007/979-8-8688-0785-5_1,Chapter
Correction to: Social Engineering Attacks During the COVID-19 Pandemic,SN Computer Science,,,,10.1007/s42979-021-00550-7,Venkatesha SushruthK. Rahul ReddyB. R. Chandavarkar,2021,https://link.springer.com/article/10.1007/s42979-021-00550-7,Article
DuD Report,Datenschutz und Datensicherheit - DuD,,,,10.1007/s11623-025-2098-z,,2025,https://link.springer.com/article/10.1007/s11623-025-2098-z,Article
How to Keep You and Your Family Safe,Cybersecurity for Everyone,,,,10.1007/979-8-8688-1408-2_6,Cathy Olieslaeger,2025,https://link.springer.com/chapter/10.1007/979-8-8688-1408-2_6,Chapter
"Cybercrime During COVID-19 Pandemic in Urban Kano, Nigeria",Cybercrime Unveiled: Technologies for Analysing Legal Complexity,,,,10.1007/978-3-031-80557-8_14,Ahmad Salisu AbdullahiUkasha Ismail,2025,https://link.springer.com/chapter/10.1007/978-3-031-80557-8_14,Chapter
Design and&#xa0;Evaluation of&#xa0;an&#xa0;Anti-phishing Artifact Based on&#xa0;Useful Transparency,Socio-Technical Aspects in Security,,,,10.1007/978-3-031-83072-3_7,Christopher BeckmannBenjamin BerensNiklas KühlPeter MayerMattia MossanoMelanie Volkamer,2025,https://link.springer.com/chapter/10.1007/978-3-031-83072-3_7,Conference paper
Increasing Security Awareness in the Company,Cybersecurity Awareness,,,,10.1007/978-3-658-46683-1_3,Martin Pils,2025,https://link.springer.com/chapter/10.1007/978-3-658-46683-1_3,Chapter
Effectiveness of HSTS and Alternative Strategies to Enhance Web Applications Security,Innovations in Communication Networks: Sustainability for Societal and Industrial Impact,,,,10.1007/978-981-96-5223-5_5,Han Hui LiewJulia JuremiNipuna Hiranya Weeratunge,2025,https://link.springer.com/chapter/10.1007/978-981-96-5223-5_5,Conference paper
Policing cross-border fraud ‘Above and below the surface’: mapping actions and developing a more effective global response,"Crime, Law and Social Change",,,,10.1007/s10611-024-10186-2,Mark ButtonBranislav HockJoon Bae SuhChol Soo Koh,2025,https://link.springer.com/article/10.1007/s10611-024-10186-2,Article
AI for Defense,The Cybersecurity Trinity,,,,10.1007/979-8-8688-0947-7_3,Donnie W. Wendt,2024,https://link.springer.com/chapter/10.1007/979-8-8688-0947-7_3,Chapter
A lightweight and proactive rule-based incremental construction approach to detect phishing scam,Information Technology and Management,,,,10.1007/s10799-021-00351-7,M. SatheeshKumarK. G. SrinivasaganG. UnniKrishnan,2022,https://link.springer.com/article/10.1007/s10799-021-00351-7,Article
Comprehensive analytical review of cybercrime and cyber policy in West Africa,Journal of Electrical Systems and Information Technology,,,,10.1186/s43067-025-00216-x,Victor A. AdewopoSylvia Worlali AzumahMustapha Awinsongya YakubuEmmanuel Kojo GyamfiMurat OzerNelly Elsayed,2025,https://link.springer.com/article/10.1186/s43067-025-00216-x,Article
The Scourge of Ransomware: The Cybercrime Growth Industry of the Early 2020s,Cybercrime and Challenges in South Africa,,,,10.1007/978-981-99-3057-9_5,Anthony De Villiers Minnaar,2023,https://link.springer.com/chapter/10.1007/978-981-99-3057-9_5,Chapter
"Cybercrime against senior citizens: exploring ageism, ideal victimhood, and the pivotal role of socioeconomics",Security Journal,,,,10.1057/s41284-025-00482-4,Suleman LazarusPeter TicknerMichael R. McGuire,2025,https://link.springer.com/article/10.1057/s41284-025-00482-4,Article
Identifying Key Issues to Enhance the Cybersecurity Awareness Strategy within Organizations,Proceedings of the 20th International Conference on Computing and Information Technology (IC2IT 2024),,,,10.1007/978-3-031-58561-6_1,Anawin Kaewsa-ardNattavee Utakrit,2024,https://link.springer.com/chapter/10.1007/978-3-031-58561-6_1,Conference paper
DuD-Report,Datenschutz und Datensicherheit - DuD,,,,10.1007/s11623-023-1766-0,,2023,https://link.springer.com/article/10.1007/s11623-023-1766-0,Article
The Perfect Victim? Family Offices as&#xa0;Targets for&#xa0;Cybercriminals,Foundations and Practice of Security,,,,10.1007/978-3-031-87499-4_1,Brian H. NussbaumKimberly A. CornellLi Huang,2025,https://link.springer.com/chapter/10.1007/978-3-031-87499-4_1,Conference paper
Design tactics for tailoring transformer architectures to cybersecurity challenges,Cluster Computing,,,,10.1007/s10586-024-04355-0,Cigdem AvciBedir TekinerdoganCagatay Catal,2024,https://link.springer.com/article/10.1007/s10586-024-04355-0,Article
Understanding Cyber Risk and Cyber Resilience,Boardroom Cybersecurity,,,,10.1007/979-8-8688-0785-5_7,Dan Weis,2024,https://link.springer.com/chapter/10.1007/979-8-8688-0785-5_7,Chapter
Report,Datenschutz und Datensicherheit - DuD,,,,10.1007/s11623-023-1840-7,,2023,https://link.springer.com/article/10.1007/s11623-023-1840-7,Article
Sufficient Security,CompTIA A+ Certification Companion,,,,10.1007/979-8-8688-0867-8_11,Kodi A. Cochran,2024,https://link.springer.com/chapter/10.1007/979-8-8688-0867-8_11,Chapter
An enhanced mechanism for malicious URL detection using deep learning and DistilBERT-based feature extraction,The Journal of Supercomputing,,,,10.1007/s11227-024-06908-x,Rania ZaimiKhouloud Safi EljilMohamed HafidiMahnane LamiaFarid Nait-Abdesselam,2025,https://link.springer.com/article/10.1007/s11227-024-06908-x,Article
Pandemics and Illegal Manipulation of Digital Technologies: Examining Cause and Effect in a Time of COVID-19,Cybercrime in the Pandemic Digital Age and Beyond,,,,10.1007/978-3-031-29107-4_2,Jill Slay AM,2023,https://link.springer.com/chapter/10.1007/978-3-031-29107-4_2,Chapter
Overlay Security: Email and Social Media,Discovering Cybersecurity,,,,10.1007/978-1-4842-9560-1_10,Seth James Nielson,2023,https://link.springer.com/chapter/10.1007/978-1-4842-9560-1_10,Chapter
An Analysis of Cyber Threats and the Protective Role of Cyber Insurance in the US Market,Security and Management and Wireless Networks,,,,10.1007/978-3-031-86637-1_19,Zia MuhammadJeremy Straub,2025,https://link.springer.com/chapter/10.1007/978-3-031-86637-1_19,Conference paper
The Impact of Cybercrime on Internet Banking Adoption,Current and Future Trends on Intelligent Technology Adoption,,,,10.1007/978-3-031-61463-7_12,Wafa’a Al-SurkhiMahmoud Maqableh,2024,https://link.springer.com/chapter/10.1007/978-3-031-61463-7_12,Chapter
Digital Technologies and Crime,Encyclopedia of Contemporary Constitutionalism,,,,10.1007/978-3-319-31739-7_230-1,Nicoleta-Elena Hegheș,2025,https://link.springer.com/rwe/10.1007/978-3-319-31739-7_230-1,Living reference work entry
We’re Losing,Cybersecurity for Everyone,,,,10.1007/979-8-8688-1408-2_4,Cathy Olieslaeger,2025,https://link.springer.com/chapter/10.1007/979-8-8688-1408-2_4,Chapter
A Systematic Literature Review on the Impact of Cybersecurity Threats on Corporate Governance During the Covid-19 Era,Towards Digitally Transforming Accounting and Business Processes,,,,10.1007/978-3-031-46177-4_9,Gorejena NyashaLilian Ifunanya NwosuMakuena Clementina BerengCalvin MahlauleTlotlo Segotso,2024,https://link.springer.com/chapter/10.1007/978-3-031-46177-4_9,Conference paper
Emerging Cyber-Attacks,"Emerging Secure Networks, Blockchains and Smart Contract Technologies",,,,10.1007/978-3-031-65866-2_1,Jong-Moon Chung,2024,https://link.springer.com/chapter/10.1007/978-3-031-65866-2_1,Chapter
"Transnational Crimes: The Merging Point of Prayers, Rituals and Cyber-criminality in Africa",The Palgrave Handbook of (In)security and Transnational Crime in Africa,,,,10.1007/978-3-031-74786-1_16,Michael Abiodun Adewole,2025,https://link.springer.com/chapter/10.1007/978-3-031-74786-1_16,Chapter
"Cybercriminal networks in the UK and Beyond: Network structure, criminal cooperation and external interactions",Trends in Organized Crime,,,,10.1007/s12117-022-09476-9,Jonathan LusthausEdward KleemansRutger LeukfeldtMichael LeviThomas Holt,2023,https://link.springer.com/article/10.1007/s12117-022-09476-9,Article
Prevention and mitigation measures against phishing emails: a sequential schema model,Security Journal,,,,10.1057/s41284-021-00318-x,Yumi E. SuzukiSergio A. Salinas Monroy,2021,https://link.springer.com/article/10.1057/s41284-021-00318-x,Article
Organizing Personnel Security,Information Security Planning,,,,10.1007/978-3-031-43118-0_12,Susan Lincke,2024,https://link.springer.com/chapter/10.1007/978-3-031-43118-0_12,Chapter
Background and Introduction,"Cybercrime, Digital Forensic Readiness, and Financial Crime Investigation in Nigeria",,,,10.1007/978-3-031-54089-9_1,Robinson Tombari SibeChristian Kaunert,2024,https://link.springer.com/chapter/10.1007/978-3-031-54089-9_1,Chapter
"Digital Twins in&#xa0;Healthcare: Security, Privacy, Trust and&#xa0;Safety Challenges",Computer Security. ESORICS 2023 International Workshops,,,,10.1007/978-3-031-54129-2_9,Cecilie Solberg JørgensenAnkur ShuklaBasel Katt,2024,https://link.springer.com/chapter/10.1007/978-3-031-54129-2_9,Conference paper
How do cybercriminals launder the proceeds of their crimes?,International Cybersecurity Law Review,,,,10.1365/s43439-023-00104-y,Fabian TeichmannSonia Boticiu,2023,https://link.springer.com/article/10.1365/s43439-023-00104-y,Article
"Cyber insurance: state of the art, trends and future directions",International Journal of Information Security,,,,10.1007/s10207-023-00660-8,Aggeliki TsohouVasiliki DiamantopoulouStefanos GritzalisCostas Lambrinoudakis,2023,https://link.springer.com/article/10.1007/s10207-023-00660-8,Article
Replacing Human Input in&#xa0;Spam Email Detection Using Deep Learning,Artificial Intelligence in HCI,,,,10.1007/978-3-031-05643-7_25,Mathew NichoFarzan MajdaniChristopher D. McDermott,2022,https://link.springer.com/chapter/10.1007/978-3-031-05643-7_25,Conference paper
The Importance of Cybersecurity Awareness Training in the Aviation Industry for Early Detection of Cyberthreats and Vulnerabilities,HCI International 2023 – Late Breaking Papers,,,,10.1007/978-3-031-48057-7_29,Regner SabillonJuan Ramon Bermejo Higuera,2023,https://link.springer.com/chapter/10.1007/978-3-031-48057-7_29,Conference paper
Achieving Sustainable Development Goals in Cyber Security Using AIoT for Healthcare Application,Artificial Intelligence of Things for Achieving Sustainable Development Goals,,,,10.1007/978-3-031-53433-1_11,Meenu VijaraniaSwati GuptaAkshat AgrawalSanjay Misra,2024,https://link.springer.com/chapter/10.1007/978-3-031-53433-1_11,Chapter
Multi-labeling with topic models for searching security information,Annals of Telecommunications,,,,10.1007/s12243-022-00928-5,Yuki OsadaRyusei NagasawaYoshiaki ShiraishiMakoto TakitaKeisuke FurumotoTakeshi TakahashiMasami MohriMasakatu Morii,2022,https://link.springer.com/article/10.1007/s12243-022-00928-5,Article
Securing Healthcare Systems: Modern Threats and Strategic Developments in Cybersecurity,Intelligent Computing and Communication,,,,10.1007/978-981-96-1267-3_27,M. Husain BathushawS. Nagasundaram,2025,https://link.springer.com/chapter/10.1007/978-981-96-1267-3_27,Conference paper
"Legal, Regulatory, and Ethical Considerations in E-Business",E-Business Essentials,,,,10.1007/978-3-031-39626-7_15,Hamed Taherdoost,2023,https://link.springer.com/chapter/10.1007/978-3-031-39626-7_15,Chapter
Advancing cybersecurity: a comprehensive review of AI-driven detection techniques,Journal of Big Data,,,,10.1186/s40537-024-00957-y,Aya H. SalemSafaa M. AzzamO. E. EmamAmr A. Abohany,2024,https://link.springer.com/article/10.1186/s40537-024-00957-y,Article
INCHAIN: a cyber insurance architecture with smart contracts and self-sovereign identity on top of blockchain,International Journal of Information Security,,,,10.1007/s10207-023-00741-8,Aristeidis FaraoGeorgios PaparisSakshyam PandaEmmanouil PanaousisApostolis ZarrasChristos Xenakis,2023,https://link.springer.com/article/10.1007/s10207-023-00741-8,Article
Artificial Intelligence and Data Mining,Counterterrorism and Cybersecurity,,,,10.1007/978-3-031-63126-9_13,Newton Lee,2024,https://link.springer.com/chapter/10.1007/978-3-031-63126-9_13,Chapter
Implications for Financial Crime in Nigeria,"Cybercrime, Digital Forensic Readiness, and Financial Crime Investigation in Nigeria",,,,10.1007/978-3-031-54089-9_7,Robinson Tombari SibeChristian Kaunert,2024,https://link.springer.com/chapter/10.1007/978-3-031-54089-9_7,Chapter
Report,Datenschutz und Datensicherheit - DuD,,,,10.1007/s11623-021-1519-x,,2021,https://link.springer.com/article/10.1007/s11623-021-1519-x,Article
The Malware as a Service Ecosystem,Malware,,,,10.1007/978-3-031-66245-4_16,Constantinos PatsakisDavid ArroyoFran Casino,2025,https://link.springer.com/chapter/10.1007/978-3-031-66245-4_16,Chapter
Artificial Intelligence Methods in Email Marketing—A Survey,Dependable Computer Systems and Networks,,,,10.1007/978-3-031-37720-4_8,Anna Jach,2023,https://link.springer.com/chapter/10.1007/978-3-031-37720-4_8,Conference paper
Meeting the Challenges of Fraud in a Digital World,The Handbook of Security,,,,10.1007/978-3-030-91735-7_11,Cassandra Cross,2022,https://link.springer.com/chapter/10.1007/978-3-030-91735-7_11,Chapter
Globalization of Crime and Digitized Societies: A Recent Survey,Evolution of Digitized Societies Through Advanced Technologies,,,,10.1007/978-981-19-2984-7_13,Leo S. F. Lin,2022,https://link.springer.com/chapter/10.1007/978-981-19-2984-7_13,Chapter
Hacking the Human,Cyberwarfare,,,,10.1007/978-3-030-97299-8_5,Kristan Stoddart,2022,https://link.springer.com/chapter/10.1007/978-3-030-97299-8_5,Chapter
Cybercrime,Legal Translation between English and Arabic,,,,10.1007/978-3-031-14838-5_11,Ali Almanna,2023,https://link.springer.com/chapter/10.1007/978-3-031-14838-5_11,Chapter
Economic Crimes in Current Era: World and Indian Context,Intelligent System and Data Analysis,,,,10.1007/978-981-97-5200-3_12,Arjun ChoudharyAshish TripathiMeenakshi PuniaChetanya KunndraVikas Kumar Kharbas,2025,https://link.springer.com/chapter/10.1007/978-981-97-5200-3_12,Conference paper
Underwriting in Reinsurance,Handbook of Reinsurance Practice,,,,10.33283/978-3-86298-614-9_6,Andreas SchwepckeAlexandra Vetter,2022,https://link.springer.com/chapter/10.33283/978-3-86298-614-9_6,Chapter
Security Awareness: Brave New World,Information Security Planning,,,,10.1007/978-3-031-43118-0_1,Susan Lincke,2024,https://link.springer.com/chapter/10.1007/978-3-031-43118-0_1,Chapter
Cyber Threat Intelligence Methodologies: Hunting Cyber Threats with Threat Intelligence Platforms and Deception Techniques,2nd EAI International Conference on Smart Technology,,,,10.1007/978-3-031-07670-1_2,Arturo E. TorresFrancisco TorresArturo Torres Budgud,2023,https://link.springer.com/chapter/10.1007/978-3-031-07670-1_2,Conference paper
Pandemics and Fraud: Learning from the Coronavirus Pandemic and Its Antecedents,Cybercrime in the Pandemic Digital Age and Beyond,,,,10.1007/978-3-031-29107-4_3,Michael Levi,2023,https://link.springer.com/chapter/10.1007/978-3-031-29107-4_3,Chapter
Social Engineering Resistant 2FA,"Security, Privacy and User Interaction",,,,10.1007/978-3-030-43754-1_6,Markus Jakobsson,2020,https://link.springer.com/chapter/10.1007/978-3-030-43754-1_6,Chapter
Another Look at Cybersecurity Awareness Programs,Human Aspects of Information Security and Assurance,,,,10.1007/978-3-031-38530-8_2,S. H. von SolmsJaco du ToitElmarie Kritzinger,2023,https://link.springer.com/chapter/10.1007/978-3-031-38530-8_2,Conference paper
The South African and Senegalese Legislative Response to Malware-Facilitated Cybercrime,Malware,,,,10.1007/978-3-031-66245-4_10,Sagwadi Mabunda,2025,https://link.springer.com/chapter/10.1007/978-3-031-66245-4_10,Chapter
External Offenders,White-Collar Crime Online,,,,10.1007/978-3-030-82132-6_4,Petter GottschalkChristopher Hamerton,2022,https://link.springer.com/chapter/10.1007/978-3-030-82132-6_4,Chapter
Comprehensive framework for implementing blockchain-enabled federated learning and full homomorphic encryption for chatbot security system,Cluster Computing,,,,10.1007/s10586-024-04515-2,Nasir Ahmad JalaliChen Hongsong,2024,https://link.springer.com/article/10.1007/s10586-024-04515-2,Article
Cybersecurity Incidents in Relation to Fraudulent SIM Card Registration in Malawi,"Mathematical Modeling, Applied Analysis and Computational Methods",,,,10.1007/978-981-96-3460-6_12,Mangani D. KazembeSudeep VarshneyKeshav Gupta,2025,https://link.springer.com/chapter/10.1007/978-981-96-3460-6_12,Conference paper
Artificial intelligence in the COVID-19 pandemic: balancing benefits and ethical challenges in China’s response,Humanities and Social Sciences Communications,,,,10.1057/s41599-025-04564-x,Xiaojun DingBingxing ShangCaifeng XieJiayi XinFeng Yu,2025,https://link.springer.com/article/10.1057/s41599-025-04564-x,Article
The Crime-Crypto Nexus: Nuancing Risk Across Crypto-Crime Transactions,Financial Crime and the Law,,,,10.1007/978-3-031-59543-1_2,Rhianna HamiltonChristian Leuprecht,2024,https://link.springer.com/chapter/10.1007/978-3-031-59543-1_2,Chapter
Online Convenience,White-Collar Crime Online,,,,10.1007/978-3-030-82132-6_3,Petter GottschalkChristopher Hamerton,2022,https://link.springer.com/chapter/10.1007/978-3-030-82132-6_3,Chapter
Lost in the Maze: Disentangling the Behavioral Variety of Money Laundering,European Journal on Criminal Policy and Research,,,,10.1007/s10610-023-09572-8,Mirko Nazzari,2023,https://link.springer.com/article/10.1007/s10610-023-09572-8,Article
Public-Private Collaboration for Combatting Cyber Fraud,"Financial Crime, Law and Governance",,,,10.1007/978-3-031-59547-9_12,Daniel HalpinSheri Todd,2024,https://link.springer.com/chapter/10.1007/978-3-031-59547-9_12,Chapter
Mouse Dynamics-Based Online Fraud Detection System for Online Education Platforms,Proceedings of Ninth International Congress on Information and Communication Technology,,,,10.1007/978-981-97-3302-6_21,Aditya SubashInsu SongIckjai LeeKyungmi Lee,2024,https://link.springer.com/chapter/10.1007/978-981-97-3302-6_21,Conference paper
Leveraging Artificial Intelligence Capabilities for Real-Time Monitoring of Cybersecurity Threats,Explainable Artificial Intelligence for Cyber Security,,,,10.1007/978-3-030-96630-0_7,Nickson M. KarieNor Masri Bin SahriWencheng YangMichael N. Johnstone,2022,https://link.springer.com/chapter/10.1007/978-3-030-96630-0_7,Chapter
Cybercrime Analysis of India Using Machine Learning,Data Science and Applications,,,,10.1007/978-981-99-7820-5_11,Aviral GoyalLydia J. Gnanasigamani,2024,https://link.springer.com/chapter/10.1007/978-981-99-7820-5_11,Conference paper
Future of AI-Driven Digital Forensics,Artificial Intelligence in Practice,,,,10.1007/978-3-031-89327-8_12,S. S. IyengarSeyedsina NabavirazaviYashas HariprasadPrasad HBC. Krishna Mohan,2025,https://link.springer.com/chapter/10.1007/978-3-031-89327-8_12,Chapter
The Fear of Losing Your Job,The Future of Workplace Fear,,,,10.1007/978-1-4842-8101-7_6,Steve Prentice,2022,https://link.springer.com/chapter/10.1007/978-1-4842-8101-7_6,Chapter
The Effect of Internet Threat on Small Businesses in South Africa,Networks and Systems in Cybernetics,,,,10.1007/978-3-031-35317-8_14,Awosejo Oluwaseun JohnsonAgnieta PretoriusTendani Lavhengwa,2023,https://link.springer.com/chapter/10.1007/978-3-031-35317-8_14,Conference paper
"Digital health data security practices among health professionals in low-resource settings: cross-sectional study in Amhara Region, Ethiopia",BMC Medical Informatics and Decision Making,,,,10.1186/s12911-025-02902-2,Ayenew Sisay GebeyewWondwossen ZemeneBinyam Chaklu TilahunNebyu Demeke MengestieBerhanu Fikade EndehabtuZegeye Regasa WordofaMitiku Kassaw TakilloGedefaw Belete AshagrieMelaku Molla Sisay,2025,https://link.springer.com/article/10.1186/s12911-025-02902-2,Article
Report,Datenschutz und Datensicherheit - DuD,,,,10.1007/s11623-021-1446-x,,2021,https://link.springer.com/article/10.1007/s11623-021-1446-x,Article
Using artificial intelligence (AI) and deepfakes to deceive victims: the need to rethink current romance fraud prevention messaging,Crime Prevention and Community Safety,,,,10.1057/s41300-021-00134-w,Cassandra Cross,2022,https://link.springer.com/article/10.1057/s41300-021-00134-w,Article
Enhanced Lightweight Model for Detection of Phishing URL Using Machine Learning,ICT Analysis and Applications,,,,10.1007/978-981-15-8354-4_6,Siddhesh MasurkarVipul Dalal,2021,https://link.springer.com/chapter/10.1007/978-981-15-8354-4_6,Conference paper
Enhanced Lightweight Model for Detection of Phishing URL Using Machine Learning,Machine Intelligence and Smart Systems,,,,10.1007/978-981-33-4893-6_24,Siddhesh MasurkarVipul Dalal,2021,https://link.springer.com/chapter/10.1007/978-981-33-4893-6_24,Conference paper
Designing an Email Security Awareness Program for State-Owned Enterprises in Namibia,IOT with Smart Systems,,,,10.1007/978-981-16-3945-6_67,Mamoqenelo Priscilla MorolongFungai Bhunu ShavaVictor Goodson Shilongo,2022,https://link.springer.com/chapter/10.1007/978-981-16-3945-6_67,Conference paper
Robust Keystroke Behavior Features for Continuous User Authentication for Online Fraud Detection,Proceedings of Eighth International Congress on Information and Communication Technology,,,,10.1007/978-981-99-3243-6_71,Aditya SubashInsu SongKexin Tao,2023,https://link.springer.com/chapter/10.1007/978-981-99-3243-6_71,Conference paper
2030 Roadmap: Cybersecurity in Food E-Commerce,Cybersecurity,,,,10.1007/978-3-031-34843-3_7,Cuong NguyenJordan WearingKawther ElolaimiPavithra PrasadPrajakta ThoratTony CalifanoTugrul U. Daim,2023,https://link.springer.com/chapter/10.1007/978-3-031-34843-3_7,Chapter
The Rising Threat of Launchpad Attacks,"Security, Privacy and User Interaction",,,,10.1007/978-3-030-43754-1_7,Markus Jakobsson,2020,https://link.springer.com/chapter/10.1007/978-3-030-43754-1_7,Chapter
Smart Hospitals and Cyber Security Attacks,Digital Technologies and Applications,,,,10.1007/978-3-030-73882-2_27,Yassine ChahidMohammed BenabdellahNabil Kannouf,2021,https://link.springer.com/chapter/10.1007/978-3-030-73882-2_27,Conference paper
Overview and Importance of Data Governance,Data Governance,,,,10.1007/978-3-031-67268-2_1,Dimitrios Sargiotis,2024,https://link.springer.com/chapter/10.1007/978-3-031-67268-2_1,Chapter
Applicability of machine learning in spam and phishing email filtering: review and approaches,Artificial Intelligence Review,,,,10.1007/s10462-020-09814-9,Tushaar GangavarapuC. D. JaidharBhabesh Chanduka,2020,https://link.springer.com/article/10.1007/s10462-020-09814-9,Article
Towards digital organized crime and digital sociology of organized crime,Trends in Organized Crime,,,,10.1007/s12117-022-09457-y,Andrea Di Nicola,2022,https://link.springer.com/article/10.1007/s12117-022-09457-y,Article
Conclusion: Misinformation and AI—How Algorithms Generate and Manipulate Misinformation,Artificial Misinformation,,,,10.1007/978-3-031-52569-8_10,Donghee Shin,2024,https://link.springer.com/chapter/10.1007/978-3-031-52569-8_10,Chapter
Introduction and Contextual Background of Cybercrime as an Emerging Phenomenon in Africa,Cybercrime and Challenges in South Africa,,,,10.1007/978-981-99-3057-9_1,Stanley Osezua EhianeMosud Y. Olumoye,2023,https://link.springer.com/chapter/10.1007/978-981-99-3057-9_1,Chapter
A roadmap for governing AI: technology governance and power-sharing liberalism,AI and Ethics,,,,10.1007/s43681-024-00635-y,Danielle AllenSarah HubbardWoojin LimAllison StangerShlomit WagmanKinney ZalesneOmoaholo Omoakhalen,2025,https://link.springer.com/article/10.1007/s43681-024-00635-y,Article
Early Detection of&#xa0;Spam Domains with&#xa0;Passive DNS and&#xa0;SPF,Passive and Active Measurement,,,,10.1007/978-3-030-98785-5_2,Simon FernandezMaciej KorczyńskiAndrzej Duda,2022,https://link.springer.com/chapter/10.1007/978-3-030-98785-5_2,Conference paper
Die Cyber-Normalität,Die Corona-Transformation,,,,10.1007/978-3-658-33993-7_7,Dirk Drechsler,2022,https://link.springer.com/chapter/10.1007/978-3-658-33993-7_7,Chapter
Enforcement Knowledge,White-Collar Crime Online,,,,10.1007/978-3-030-82132-6_8,Petter GottschalkChristopher Hamerton,2022,https://link.springer.com/chapter/10.1007/978-3-030-82132-6_8,Chapter
Seeing the Future,"Security, Privacy and User Interaction",,,,10.1007/978-3-030-43754-1_9,Markus Jakobsson,2020,https://link.springer.com/chapter/10.1007/978-3-030-43754-1_9,Chapter
The Economics of Transnational Organised Crime: A Conceptual Analysis of Issues and Challenges in the 21st Century,The Palgrave Handbook of (In)security and Transnational Crime in Africa,,,,10.1007/978-3-031-74786-1_1,Shanta Balgobind SinghGerelene JagganathTolulope Ojolo,2025,https://link.springer.com/chapter/10.1007/978-3-031-74786-1_1,Chapter
Behavioral Anomaly Model for Detecting Compromised Accounts on a Social Network,Advances in Computational Collective Intelligence,,,,10.1007/978-3-030-88113-9_20,Antonin FuchsMiroslava Mikusova,2021,https://link.springer.com/chapter/10.1007/978-3-030-88113-9_20,Conference paper
Fraud Risk Management: Using Fraud Analytics to Combat External and Insider Threats,Encyclopedia of Security and Emergency Management,,,,10.1007/978-3-319-70488-3_296,Pierre-Luc PomerleauMathieu Auger-Perreault,2021,https://link.springer.com/rwe/10.1007/978-3-319-70488-3_296,Reference work entry
Technology Issues,White-Collar Crime Online,,,,10.1007/978-3-030-82132-6_6,Petter GottschalkChristopher Hamerton,2022,https://link.springer.com/chapter/10.1007/978-3-030-82132-6_6,Chapter
Technology Defenses to Fight the Root Causes of Breach: Part One,Big Breaches,,,,10.1007/978-1-4842-6655-7_12,Neil DaswaniMoudy Elbayadi,2021,https://link.springer.com/chapter/10.1007/978-1-4842-6655-7_12,Chapter
A Cyber4Dev Security Culture Model,"Advanced Research in Technologies, Information, Innovation and Sustainability",,,,10.1007/978-3-031-20316-9_26,Morena Abiel TsoeuAdéle da Veiga,2022,https://link.springer.com/chapter/10.1007/978-3-031-20316-9_26,Conference paper
A logical consideration on fraudulent email communication,Artificial Life and Robotics,,,,10.1007/s10015-020-00597-4,Seiko MyojinNoboru Babaguchi,2020,https://link.springer.com/article/10.1007/s10015-020-00597-4,Article
Cybersecurity Threats in Africa,The Palgrave Handbook of Sustainable Peace and Security in Africa,,,,10.1007/978-3-030-82020-6_10,Tabitha MwangiTracy AsavaIretioluwa Akerele,2022,https://link.springer.com/chapter/10.1007/978-3-030-82020-6_10,Chapter
IT Security Technical Controls,IT Security Controls,,,,10.1007/978-1-4842-7799-7_4,Virgilio ViegasOben Kuyucu,2022,https://link.springer.com/chapter/10.1007/978-1-4842-7799-7_4,Chapter
Fuzzy graphs in telecommunications: exploring average fuzzy cyclic connectivity for enhanced connectivity analysis,Journal of Applied Mathematics and Computing,,,,10.1007/s12190-024-02117-0,P. SujithraSunil MathewJ. N. Mordeson,2024,https://link.springer.com/article/10.1007/s12190-024-02117-0,Article
Cyber-Risk Management,"Digital Finance, Bits and Bytes",,,,10.1007/978-981-15-3431-7_9,Vasant Chintaman Joshi,2020,https://link.springer.com/chapter/10.1007/978-981-15-3431-7_9,Chapter
Changing Landscape of Crime in Cyberspace,Cyber Economic Crime in India,,,,10.1007/978-3-030-44655-0_2,Balsing Rajput,2020,https://link.springer.com/chapter/10.1007/978-3-030-44655-0_2,Chapter
Cyber threat assessment and management for securing healthcare ecosystems using natural language processing,International Journal of Information Security,,,,10.1007/s10207-023-00769-w,Stefano SilvestriShareful IslamDmitry AmelinGabriele WeilerSpyridon PapastergiouMario Ciampi,2023,https://link.springer.com/article/10.1007/s10207-023-00769-w,Article
Life’s a Breach,Choose Your InfoSec Path,,,,10.1007/978-1-4842-7036-3_1,Alexander J. Roxon,2021,https://link.springer.com/chapter/10.1007/978-1-4842-7036-3_1,Chapter
A Framework for Analysis Attackers’ Accounts,"Security, Privacy and User Interaction",,,,10.1007/978-3-030-43754-1_4,Hossein SiadatiJay KovenChristian Felix da SilvaMarkus JakobssonEnrico BertiniDavid MaimonNasir Memon,2020,https://link.springer.com/chapter/10.1007/978-3-030-43754-1_4,Chapter
Redefining the Approach to Cybersecurity,Building a Cybersecurity Culture in Organizations,,,,10.1007/978-3-030-43999-6_3,Isabella Corradini,2020,https://link.springer.com/chapter/10.1007/978-3-030-43999-6_3,Chapter
Digital Transformation Impact in Security and Privacy,Developments and Advances in Defense and Security,,,,10.1007/978-981-16-4884-7_6,Andrea DíazLaura GuerraEleazar Díaz,2022,https://link.springer.com/chapter/10.1007/978-981-16-4884-7_6,Conference paper
Cyber Threat Intelligence – What Does It Even Mean?,Cyber Threat Intelligence,,,,10.1007/978-1-4842-7220-6_2,Aaron Roberts,2021,https://link.springer.com/chapter/10.1007/978-1-4842-7220-6_2,Chapter
Estimating vulnerability metrics with word embedding and multiclass classification methods,International Journal of Information Security,,,,10.1007/s10207-023-00734-7,Hakan KekülBurhan ErgenHalil Arslan,2023,https://link.springer.com/article/10.1007/s10207-023-00734-7,Article
Theoretical Model to Gauge the Organization’s Readiness of Flexible Work Arrangements (Work-From-Home),Managing Disruptions in Business,,,,10.1007/978-3-030-79709-6_15,Munmun Goswami,2022,https://link.springer.com/chapter/10.1007/978-3-030-79709-6_15,Chapter
From Lessons Learned to Improvements Implemented: Some Roles for Gaming in Cybersecurity Risk Management,Advances in Cybersecurity Management,,,,10.1007/978-3-030-71381-2_14,Mary Ann Hoppa,2021,https://link.springer.com/chapter/10.1007/978-3-030-71381-2_14,Chapter
Criminal Prosecutions and Civil Litigation Concerning Blockchain Technologies,Regulation of Cryptocurrencies and Blockchain Technologies,,,,10.1007/978-3-031-21812-5_5,Rosario Girasa,2023,https://link.springer.com/chapter/10.1007/978-3-031-21812-5_5,Chapter
"
   Report
  ",Datenschutz und Datensicherheit - DuD,,,,10.1007/s11623-020-1390-1,,2021,https://link.springer.com/article/10.1007/s11623-020-1390-1,Article
Organized Crime During and After the Pandemic,Global Security in Times of Covid-19,,,,10.1007/978-3-030-82230-9_11,Virginia Comolli,2022,https://link.springer.com/chapter/10.1007/978-3-030-82230-9_11,Chapter
Fraud Risk Management: Using Fraud Analytics to Combat External and Insider Threats,Encyclopedia of Security and Emergency Management,,,,10.1007/978-3-319-69891-5_296-1,Pierre-Luc PomerleauMathieu Auger-Perreault,2020,https://link.springer.com/rwe/10.1007/978-3-319-69891-5_296-1,Living reference work entry
"
   Report
  ",Datenschutz und Datensicherheit - DuD,,,,10.1007/s11623-021-1477-3,,2021,https://link.springer.com/article/10.1007/s11623-021-1477-3,Article
The Cybersecurity Wild West,Cyber Threat Intelligence,,,,10.1007/978-1-4842-7220-6_1,Aaron Roberts,2021,https://link.springer.com/chapter/10.1007/978-1-4842-7220-6_1,Chapter
"Security, Privacy, and Compliance with the Law",Pro Database Migration to Azure,,,,10.1007/978-1-4842-8230-4_8,Kevin KlineDenis McDowellDustin DorseyMatt Gordon,2022,https://link.springer.com/chapter/10.1007/978-1-4842-8230-4_8,Chapter
"
Report
",Datenschutz und Datensicherheit - DuD,,,,10.1007/s11623-020-1295-z,,2020,https://link.springer.com/article/10.1007/s11623-020-1295-z,Article
Security: It’s Everyone’s Business!,The Future of Software Quality Assurance,,,,10.1007/978-3-030-29509-7_19,Keith Yorkston,2020,https://link.springer.com/chapter/10.1007/978-3-030-29509-7_19,Chapter
Interdisciplinary Cybersecurity: Rethinking the Approach and the Process,National Cyber Summit (NCS) Research Track,,,,10.1007/978-3-030-31239-8_6,Johanna JacobMichelle PetersT. Andrew Yang,2020,https://link.springer.com/chapter/10.1007/978-3-030-31239-8_6,Conference paper
Common Attacks Against Cryptographic Systems,Encryption for Organizations and Individuals,,,,10.1007/978-1-4842-6056-2_5,Robert Ciesla,2020,https://link.springer.com/chapter/10.1007/978-1-4842-6056-2_5,Chapter
The Psychology of Internet Fraud Victimisation: a Systematic Review,Journal of Police and Criminal Psychology,,,,10.1007/s11896-019-09334-5,Gareth NorrisAlexandra BrookesDavid Dowell,2019,https://link.springer.com/article/10.1007/s11896-019-09334-5,Article
Where the User Does Look When Reading Phishing Mails – An Eye-Tracking Study,Learning and Collaboration Technologies. Designing Learning Experiences,,,,10.1007/978-3-030-21814-0_21,Kevin PfeffelPhilipp UlsamerNicholas H. Müller,2019,https://link.springer.com/chapter/10.1007/978-3-030-21814-0_21,Conference paper
Status of Cybersecurity Awareness Level in Malaysia,Innovations in Cybersecurity Education,,,,10.1007/978-3-030-50244-7_17,M. R. K. AriffinM. Letchumanan,2020,https://link.springer.com/chapter/10.1007/978-3-030-50244-7_17,Chapter
Cybersecurity and Mobile Device Forensic,Cybersecurity in Nigeria,,,,10.1007/978-3-030-15210-9_4,Aamo Iorliam,2019,https://link.springer.com/chapter/10.1007/978-3-030-15210-9_4,Chapter
"Cyber-(in)Security, Revisited: Proactive Cyber-Defenses, Interdependence and Autonomous Human-Machine Teams (A-HMTs)",Adversary-Aware Learning Techniques and Trends in Cybersecurity,,,,10.1007/978-3-030-55692-1_10,William F. LawlessRanjeev MittuIra S. MoskowitzDonald A. SofgeStephen Russell,2021,https://link.springer.com/chapter/10.1007/978-3-030-55692-1_10,Chapter
A Descriptive Analytics of the Occurrence and Predictive Analytics of Cyber Attacks During the Pandemic,Challenges in the IoT and Smart Environments,,,,10.1007/978-3-030-87166-6_6,Emmanuel Folusho AdeniranHamid Jahankhani,2021,https://link.springer.com/chapter/10.1007/978-3-030-87166-6_6,Chapter
An Analysis of Malware Trends in Enterprise Networks,Information Security,,,,10.1007/978-3-030-30215-3_18,Abbas AcarLong LuA. Selcuk UluagacEngin Kirda,2019,https://link.springer.com/chapter/10.1007/978-3-030-30215-3_18,Conference paper
Role of Government in Tackling Cyber Security Threat,Smart Technologies,,,,10.1007/978-981-13-7139-4_6,Pinosh Kumar HajoaryK. B. Akhilesh,2020,https://link.springer.com/chapter/10.1007/978-981-13-7139-4_6,Chapter
Neural and Behavioral Insights into Online Trust and Uncertainty,Organizational Neuroethics,,,,10.1007/978-3-030-27177-0_13,Uma R. KarmarkarAdrianna C. Jenkins,2020,https://link.springer.com/chapter/10.1007/978-3-030-27177-0_13,Chapter
Biometrie 2.0 – Sicherheit durch kontinuierliche Authentifizierung,Digitale Welt,,,,10.1007/s42354-019-0175-x,Sebastian MayerWerner ThalmeierKarl-Otto FegerFrank ReiländerDirk Rosenau,2019,https://link.springer.com/article/10.1007/s42354-019-0175-x,Article
Where Are We Vulnerable?,Financial Cybersecurity Risk Management,,,,10.1007/978-1-4842-4194-3_2,Paul RohmeyerJennifer L. Bayuk,2019,https://link.springer.com/chapter/10.1007/978-1-4842-4194-3_2,Chapter
Towards the Creation of a Threat Intelligence Framework for Maritime Infrastructures,Computer Security,,,,10.1007/978-3-030-42048-2_4,Nikolaos PitropakisMarios LogothetisGennady AndrienkoJason StefanatosEirini KarapistoliCostas Lambrinoudakis,2020,https://link.springer.com/chapter/10.1007/978-3-030-42048-2_4,Conference paper
Development of the World Cyber Security,World Internet Development Report 2017,,,,10.1007/978-3-662-57524-6_4,,2019,https://link.springer.com/chapter/10.1007/978-3-662-57524-6_4,Chapter
Leaving on a jet plane: the trade in fraudulently obtained airline tickets,"Crime, Law and Social Change",,,,10.1007/s10611-018-9777-8,Alice Hutchings,2018,https://link.springer.com/article/10.1007/s10611-018-9777-8,Article
Cybercrime in East and Southeast Asia: The Case of Taiwan,Asia-Pacific Security Challenges,,,,10.1007/978-3-319-61729-9_4,Leo S. F. LinJohn Nomikos,2018,https://link.springer.com/chapter/10.1007/978-3-319-61729-9_4,Chapter
Case Study: Business Email Compromise,Understanding Social Engineering Based Scams,,,,10.1007/978-1-4939-6457-4_11,Markus Jakobsson,2016,https://link.springer.com/chapter/10.1007/978-1-4939-6457-4_11,Chapter
X-Platform Phishing: Abusing Trust for&#xa0;Targeted Attacks Short Paper,Financial Cryptography and Data Security,,,,10.1007/978-3-319-70278-0_37,Hossein SiadatiToan NguyenNasir Memon,2017,https://link.springer.com/chapter/10.1007/978-3-319-70278-0_37,Conference paper
Understanding Social Engineering Based Scams,,,,,10.1007/978-1-4939-6457-4,Markus Jakobsson,2016,https://link.springer.com/book/10.1007/978-1-4939-6457-4,Book
What’s Biting Us,Personal Cybersecurity,,,,10.1007/978-1-4842-2430-4_1,Marvin Waschke,2017,https://link.springer.com/chapter/10.1007/978-1-4842-2430-4_1,Chapter
A novel approach to protect against phishing attacks at client side using auto-updated white-list,EURASIP Journal on Information Security,,,,10.1186/s13635-016-0034-3,Ankit Kumar JainB. B. Gupta,2016,https://link.springer.com/article/10.1186/s13635-016-0034-3,Article
Fighting against phishing attacks: state of the art and future challenges,Neural Computing and Applications,,,,10.1007/s00521-016-2275-y,B. B. GuptaAakanksha TewariAnkit Kumar JainDharma P. Agrawal,2016,https://link.springer.com/article/10.1007/s00521-016-2275-y,Article
Protection of People,Practical Information Security Management,,,,10.1007/978-1-4842-1685-9_8,Tony Campbell,2016,https://link.springer.com/chapter/10.1007/978-1-4842-1685-9_8,Chapter
Persuasion in Scams,Understanding Social Engineering Based Scams,,,,10.1007/978-1-4939-6457-4_4,Ana FerreiraMarkus Jakobsson,2016,https://link.springer.com/chapter/10.1007/978-1-4939-6457-4_4,Chapter
Identifying Scams and Trends,Understanding Social Engineering Based Scams,,,,10.1007/978-1-4939-6457-4_2,Damon McCoyYoungsam ParkElaine ShiMarkus Jakobsson,2016,https://link.springer.com/chapter/10.1007/978-1-4939-6457-4_2,Chapter
Traditional Countermeasures to Unwanted Email,Understanding Social Engineering Based Scams,,,,10.1007/978-1-4939-6457-4_5,Hossein SiadatiSima JafarikhahMarkus Jakobsson,2016,https://link.springer.com/chapter/10.1007/978-1-4939-6457-4_5,Chapter
Mobile Money in the Australasian Region - A Technical Security Perspective,Applications and Techniques in Information Security,,,,10.1007/978-981-10-2741-3_13,Swathi ParasaLynn Margaret Batten,2016,https://link.springer.com/chapter/10.1007/978-981-10-2741-3_13,Conference paper
