title,publication,Book Series Title,Journal Volume,Journal Issue,doi,author,year,url,Content Type
Building a business email compromise research dataset with large language models,Journal of Computer Virology and Hacking Techniques,,,,10.1007/s11416-024-00544-y,Rohit Dube,2025,https://link.springer.com/article/10.1007/s11416-024-00544-y,Article
A Novel Framework to Detect Business Email Compromise Through Unconsented Email Autoforwards,Advancements in Smart Computing and Information Security,,,,10.1007/978-3-031-59100-6_17,Priti KulkarniJatinderkumar R. Saini,2024,https://link.springer.com/chapter/10.1007/978-3-031-59100-6_17,Conference paper
Phishing Email Detection: Survey,Recent Trends and Advances in Artificial Intelligence,,,,10.1007/978-3-031-70924-1_42,Raweia S. MohamedAliRazn A. Abduhameed,2024,https://link.springer.com/chapter/10.1007/978-3-031-70924-1_42,Conference paper
Legal and ethical considerations when conducting phishing experiments in Germany,International Cybersecurity Law Review,,,,10.1365/s43439-025-00148-2,Robin StreiberDaniela Pöhn,2025,https://link.springer.com/article/10.1365/s43439-025-00148-2,Article
An Ontological Model of&#xa0;the&#xa0;Phishing Attack Process,"Enterprise, Business-Process and Information Systems Modeling",,,,10.1007/978-3-031-95397-2_17,Ítalo OliveiraGerd WagnerGlenda AmaralTiago Prince SalesJan-Willem BulléeMarianne JungerDipti K. SarmahMaya DanevaGiancarlo Guizzardi,2025,https://link.springer.com/chapter/10.1007/978-3-031-95397-2_17,Conference paper
Phishing Faster: Implementing ChatGPT into Phishing Campaigns,"Proceedings of the Future Technologies Conference (FTC) 2023, Volume 1",,,,10.1007/978-3-031-47454-5_13,Tyson LangfordBryson Payne,2023,https://link.springer.com/chapter/10.1007/978-3-031-47454-5_13,Conference paper
Eyes on phishing emails: an eye-tracking study,Journal of Experimental Criminology,,,,10.1007/s11292-024-09648-3,Liliana RibeiroInês Sousa GuedesCarla Sofia Cardoso,2024,https://link.springer.com/article/10.1007/s11292-024-09648-3,Article
Developing and implementing social engineering-prevention policies: a qualitative study,Security Journal,,,,10.1057/s41284-023-00385-2,Kevin F. SteinmetzThomas J. HoltChristopher G. Brewer,2023,https://link.springer.com/article/10.1057/s41284-023-00385-2,Article
A Contemporary Framework for Detection of Phishing Website for Cyber Societal Safety,SN Computer Science,,,,10.1007/s42979-025-03942-1,B. N. LakshmiB. K. DhanalakshmiK. Tharun Reddy,2025,https://link.springer.com/article/10.1007/s42979-025-03942-1,Article
Cacography based Ransomware Email Phishing Attack Prevention using Language Pack Tuned Transformer Language Model,Scientific Reports,,,,10.1038/s41598-025-06530-8,S. AbiramasundariV. Ramaswamy,2025,https://link.springer.com/article/10.1038/s41598-025-06530-8,Article
Social Engineering Attacks in Healthcare Systems: A Survey,National Cyber Summit (NCS) Research Track 2021,,,,10.1007/978-3-030-84614-5_11,Christopher NguyenWalt WilliamsBrandon DidlakeDonte MitchellJames McGinnisDipankar Dasgupta,2022,https://link.springer.com/chapter/10.1007/978-3-030-84614-5_11,Conference paper
Impact of AI-Generated Phishing Attacks: A New Cybersecurity Threat,Intelligent Computing,,,,10.1007/978-3-031-92605-1_19,Taiwo Oladipupo Ayodele,2025,https://link.springer.com/chapter/10.1007/978-3-031-92605-1_19,Conference paper
Emerging Phishing Attack Trends: A South African Case Study,Towards new e-Infrastructure and e-Services for Developing Countries,,,,10.1007/978-3-031-81570-6_24,Jabu MtsweniPrecious MadumaVhuthu NefaleAlex RamantswanaMfundo MasangoMuyowa Mutemwa,2025,https://link.springer.com/chapter/10.1007/978-3-031-81570-6_24,Conference paper
Development of Proposed Model Using Random Forest with Optimization Technique for Classification of Phishing Website,SN Computer Science,,,,10.1007/s42979-024-03388-x,Prakash PathakAkhilesh Kumar Shrivas,2024,https://link.springer.com/article/10.1007/s42979-024-03388-x,Article
Detection of Business Email Compromise Attacks with Writing Style Analysis,Mobile Internet Security,,,,10.1007/978-981-16-9576-6_18,Alisa VorobevaGuldar KhisaevaDanil ZakoldaevIgor Kotenko,2022,https://link.springer.com/chapter/10.1007/978-981-16-9576-6_18,Conference paper
A systematic review and research challenges on phishing cyberattacks from an electroencephalography and gaze-based perspective,Personal and Ubiquitous Computing,,,,10.1007/s00779-024-01794-9,George A. ThomopoulosDimitrios P. LyrasChristos A. Fidas,2024,https://link.springer.com/article/10.1007/s00779-024-01794-9,Article
Phishing URL detection with neural networks: an empirical study,Scientific Reports,,,,10.1038/s41598-024-74725-6,Hayk GhalechyanElina IsrayelyanAvag ArakelyanGerasim HovhannisyanArman Davtyan,2024,https://link.springer.com/article/10.1038/s41598-024-74725-6,Article
The Hidden Dangers of Publicly Accessible LLMs: A Case Study on Gab AI,Digital Forensics and Cyber Crime,,,,10.1007/978-3-031-89363-6_18,Lakshika VaishnavSakshi SinghKimberly A. Cornell,2025,https://link.springer.com/chapter/10.1007/978-3-031-89363-6_18,Conference paper
Characterizing the&#xa0;Networks Sending Enterprise Phishing Emails,Passive and Active Measurement,,,,10.1007/978-3-031-85960-1_18,Elisa LuoLiane YoungGrant HoM. H. AfifiMarco SchweighauserEthan Katz-BassettAsaf Cidon,2025,https://link.springer.com/chapter/10.1007/978-3-031-85960-1_18,Conference paper
A Comparative Analysis of Phishing Tools: Features and Countermeasures,Information Security Practice and Experience,,,,10.1007/978-981-97-9053-1_21,Rishikesh SahayWeizhi MengWenjuan Li,2025,https://link.springer.com/chapter/10.1007/978-981-97-9053-1_21,Conference paper
Phishing Email Detection Using NLP and CNN Model,Advances in Intelligent Systems and Digital Applications,,,,10.1007/978-3-031-95330-9_22,Meryem HilaniBouchra NassihImane LmatiYoussef BaloukiAouatif Amine,2025,https://link.springer.com/chapter/10.1007/978-3-031-95330-9_22,Conference paper
Simulation Tests in Anti-phishing Training,ITNG 2024: 21st International Conference on Information Technology-New Generations,,,,10.1007/978-3-031-56599-1_12,Peyton LutchkusPing WangJim Mahony,2024,https://link.springer.com/chapter/10.1007/978-3-031-56599-1_12,Conference paper
Intelligent phishing website detection using machine learning,Multimedia Tools and Applications,,,,10.1007/s11042-023-14731-4,Ashish Kumar JhaRaja MuthalaguPranav M. Pawar,2023,https://link.springer.com/article/10.1007/s11042-023-14731-4,Article
The Power of Persuasion: Exploring Social Engineering in the Digital Age,Current and Future Trends on Intelligent Technology Adoption,,,,10.1007/978-3-031-61463-7_16,Rand K. AbdelhamidMahmoud Maqableh,2024,https://link.springer.com/chapter/10.1007/978-3-031-61463-7_16,Chapter
Cyberattacks on the Maritime Sector: A Literature Review,Journal of Marine Science and Application,,,,10.1007/s11804-024-00443-0,Steve SymesEddie Blanco-DavisTony GrahamJin WangEdward Shaw,2024,https://link.springer.com/article/10.1007/s11804-024-00443-0,Article
Phishing and Human Error. Beyond Training and Simulations,Information Systems and Technologies,,,,10.1007/978-3-031-45642-8_12,Jeimy J. Cano M.,2024,https://link.springer.com/chapter/10.1007/978-3-031-45642-8_12,Conference paper
Securing the remote office: reducing cyber risks to remote working through regular security awareness education campaigns,International Journal of Information Security,,,,10.1007/s10207-023-00809-5,Giddeon Njamngang AngaforIryna YevseyevaLeandros Maglaras,2024,https://link.springer.com/article/10.1007/s10207-023-00809-5,Article
ZeSAI: AI vigilant malware detection in email security with zero shot-based hybrid network and threat intelligence integration,Journal of Combinatorial Optimization,,,,10.1007/s10878-025-01306-2,Venkadeshan RamalingamR. GopalSyed Ziaur RahmanR. Senthil,2025,https://link.springer.com/article/10.1007/s10878-025-01306-2,Article
"Revolutionizing Social Engineering Awareness Raising, Education and Training: Generative AI-Powered Investigations in the Maritime Domain","HCI for Cybersecurity, Privacy and Trust",,,,10.1007/978-3-031-61382-1_5,Michail LoupasakisGeorgios PotamosEliana Stavrou,2024,https://link.springer.com/chapter/10.1007/978-3-031-61382-1_5,Conference paper
A case study on phishing detection with a machine learning net,International Journal of Data Science and Analytics,,,,10.1007/s41060-024-00579-w,Ana BezerraIvo PereiraMiguel Ângelo RebeloDuarte CoelhoDaniel Alves de OliveiraJoaquim F. Pinto CostaRicardo P. M. Cruz,2024,https://link.springer.com/article/10.1007/s41060-024-00579-w,Article
Artificial Intelligence – Opportunity and Risk for Corporate Cyber Security,Datenschutz und Datensicherheit - DuD,,,,10.1007/s11623-024-2034-7,Luis MolinaMartin Arno Schöpper,2025,https://link.springer.com/article/10.1007/s11623-024-2034-7,Article
All Your LLMs Belong to&#xa0;Us: Experiments with&#xa0;a&#xa0;New Extortion Phishing Dataset,Data and Applications Security and Privacy XXXVIII,,,,10.1007/978-3-031-65172-4_15,Fatima Zahra QachfarRakesh M. Verma,2024,https://link.springer.com/chapter/10.1007/978-3-031-65172-4_15,Conference paper
How Good Are We at Detecting a Phishing Attack? Investigating the Evolving Phishing Attack Email and Why It Continues to Successfully Deceive Society,SN Computer Science,,,,10.1007/s42979-022-01069-1,Fiona CarrollJohn Ayooluwa AdejobiReza Montasari,2022,https://link.springer.com/article/10.1007/s42979-022-01069-1,Article
Phishing Website Detection Through Multi-model Analysis of&#xa0;HTML Content,Proceedings of International Conference on Theoretical and Applied Computing,,,,10.1007/978-981-97-6957-5_15,Furkan ÇolhakMert İlhan EcevitBilal Emir UçarReiner CreutzburgHasan Dağ,2025,https://link.springer.com/chapter/10.1007/978-981-97-6957-5_15,Conference paper
Cybersecurity Readiness Model Based on Human Factors,Arabian Journal for Science and Engineering,,,,10.1007/s13369-025-10349-w,Yusuf Taoheed AbiodunSajjad MahmoodMahmood NiaziMohammad AlshayebAzzah A. AlGhamdi,2025,https://link.springer.com/article/10.1007/s13369-025-10349-w,Article
Social Engineering Attacks During the COVID-19 Pandemic,SN Computer Science,,,,10.1007/s42979-020-00443-1,Venkatesha SushruthK. Rahul ReddyB. R. Chandavarkar,2021,https://link.springer.com/article/10.1007/s42979-020-00443-1,Article
Phisherman: Phishing Link Scanner,Machine Learning for Networking,,,,10.1007/978-3-031-36183-8_11,Christian Angelo A. EscosesMark Renzo R. MagnoHannah Mae P. BalbaNeil C. EnriquezMarlon A. Diloy,2023,https://link.springer.com/chapter/10.1007/978-3-031-36183-8_11,Conference paper
Large Language Models in Cyberattacks,Doklady Mathematics,,,,10.1134/S1064562425700012,S. V. LebedD. E. NamiotE. V. ZubarevaP. V. KhenkinA. A. VorobevaD. A. Svichkar,2024,https://link.springer.com/article/10.1134/S1064562425700012,Article
The Effectiveness of&#xa0;Transformer-Based Models for&#xa0;BEC Attack Detection,Network and System Security,,,,10.1007/978-3-031-39828-5_5,Amirah AlmutairiBooJoong KangNawfal Fadhel,2023,https://link.springer.com/chapter/10.1007/978-3-031-39828-5_5,Conference paper
Analysis of Cybercrimes with Machine Learning Techniques,Proceedings of International Conference on Artificial Intelligence and Networks,,,,10.1007/978-981-96-2015-9_32,Anil V. TurukmaneD. Ramkumar,2025,https://link.springer.com/chapter/10.1007/978-981-96-2015-9_32,Conference paper
Computational Approaches to Persuasion Detection and Potential of Use in Social Engineering,"Proceedings of the Future Technologies Conference (FTC) 2023, Volume 4",,,,10.1007/978-3-031-47448-4_30,Subia AnsariMohammad Zaiyan Alam,2023,https://link.springer.com/chapter/10.1007/978-3-031-47448-4_30,Conference paper
A deep learning mechanism to detect phishing URLs using the permutation importance method and SMOTE-Tomek link,The Journal of Supercomputing,,,,10.1007/s11227-024-06124-7,Rania ZaimiMohamed HafidiMahnane Lamia,2024,https://link.springer.com/article/10.1007/s11227-024-06124-7,Article
The Dual-Edged Sword of&#xa0;Large Language Models in&#xa0;Phishing,Secure IT Systems,,,,10.1007/978-3-031-79007-2_14,Alec SiemerinkSlinger JansenKatsiaryna Labunets,2025,https://link.springer.com/chapter/10.1007/978-3-031-79007-2_14,Conference paper
Using Website Content for&#xa0;Detecting Phishing URLs: A Novel Approach,Advances in Data-Driven Computing and Intelligent Systems,,,,10.1007/978-981-99-9518-9_7,Vaishali GanganwarSyed Iarshed HussainAnkur PowarShushant GaurAmit Kumar,2024,https://link.springer.com/chapter/10.1007/978-981-99-9518-9_7,Conference paper
The State of Data Breaches in the African Cyberspace: A Trend Analysis Using Social Media and Research Literature,Towards new e-Infrastructure and e-Services for Developing Countries,,,,10.1007/978-3-031-81570-6_17,Jabu MtsweniMuyowa MutemwaMfundo MasangoSamson ChishiriSiwe Moyakhe,2025,https://link.springer.com/chapter/10.1007/978-3-031-81570-6_17,Conference paper
Cost-Effective Cybersecurity Framework for Small and Medium-Sized Enterprises,Deep Learning and Visual Artificial Intelligence,,,,10.1007/978-981-97-4533-3_11,Nadia AnsarSuraiya ParveenBhavya AlankarIhtiram Raza Khan,2024,https://link.springer.com/chapter/10.1007/978-981-97-4533-3_11,Conference paper
Review of&#xa0;Phishing Attacks’ Effects on&#xa0;AI-Powered IoT Systems,Innovations in Electrical and Electronic Engineering,,,,10.1007/978-981-99-8661-3_24,S. D. MohanaD. Rafiya NusrathS. P. Shiva PrakashKirill Krinkin,2024,https://link.springer.com/chapter/10.1007/978-981-99-8661-3_24,Conference paper
Correction to: Social Engineering Attacks During the COVID-19 Pandemic,SN Computer Science,,,,10.1007/s42979-021-00550-7,Venkatesha SushruthK. Rahul ReddyB. R. Chandavarkar,2021,https://link.springer.com/article/10.1007/s42979-021-00550-7,Article
DuD Report,Datenschutz und Datensicherheit - DuD,,,,10.1007/s11623-025-2098-z,,2025,https://link.springer.com/article/10.1007/s11623-025-2098-z,Article
Design and&#xa0;Evaluation of&#xa0;an&#xa0;Anti-phishing Artifact Based on&#xa0;Useful Transparency,Socio-Technical Aspects in Security,,,,10.1007/978-3-031-83072-3_7,Christopher BeckmannBenjamin BerensNiklas KühlPeter MayerMattia MossanoMelanie Volkamer,2025,https://link.springer.com/chapter/10.1007/978-3-031-83072-3_7,Conference paper
Effectiveness of HSTS and Alternative Strategies to Enhance Web Applications Security,Innovations in Communication Networks: Sustainability for Societal and Industrial Impact,,,,10.1007/978-981-96-5223-5_5,Han Hui LiewJulia JuremiNipuna Hiranya Weeratunge,2025,https://link.springer.com/chapter/10.1007/978-981-96-5223-5_5,Conference paper
Policing cross-border fraud ‘Above and below the surface’: mapping actions and developing a more effective global response,"Crime, Law and Social Change",,,,10.1007/s10611-024-10186-2,Mark ButtonBranislav HockJoon Bae SuhChol Soo Koh,2025,https://link.springer.com/article/10.1007/s10611-024-10186-2,Article
A lightweight and proactive rule-based incremental construction approach to detect phishing scam,Information Technology and Management,,,,10.1007/s10799-021-00351-7,M. SatheeshKumarK. G. SrinivasaganG. UnniKrishnan,2022,https://link.springer.com/article/10.1007/s10799-021-00351-7,Article
Comprehensive analytical review of cybercrime and cyber policy in West Africa,Journal of Electrical Systems and Information Technology,,,,10.1186/s43067-025-00216-x,Victor A. AdewopoSylvia Worlali AzumahMustapha Awinsongya YakubuEmmanuel Kojo GyamfiMurat OzerNelly Elsayed,2025,https://link.springer.com/article/10.1186/s43067-025-00216-x,Article
"Cybercrime against senior citizens: exploring ageism, ideal victimhood, and the pivotal role of socioeconomics",Security Journal,,,,10.1057/s41284-025-00482-4,Suleman LazarusPeter TicknerMichael R. McGuire,2025,https://link.springer.com/article/10.1057/s41284-025-00482-4,Article
Identifying Key Issues to Enhance the Cybersecurity Awareness Strategy within Organizations,Proceedings of the 20th International Conference on Computing and Information Technology (IC2IT 2024),,,,10.1007/978-3-031-58561-6_1,Anawin Kaewsa-ardNattavee Utakrit,2024,https://link.springer.com/chapter/10.1007/978-3-031-58561-6_1,Conference paper
DuD-Report,Datenschutz und Datensicherheit - DuD,,,,10.1007/s11623-023-1766-0,,2023,https://link.springer.com/article/10.1007/s11623-023-1766-0,Article
The Perfect Victim? Family Offices as&#xa0;Targets for&#xa0;Cybercriminals,Foundations and Practice of Security,,,,10.1007/978-3-031-87499-4_1,Brian H. NussbaumKimberly A. CornellLi Huang,2025,https://link.springer.com/chapter/10.1007/978-3-031-87499-4_1,Conference paper
Design tactics for tailoring transformer architectures to cybersecurity challenges,Cluster Computing,,,,10.1007/s10586-024-04355-0,Cigdem AvciBedir TekinerdoganCagatay Catal,2024,https://link.springer.com/article/10.1007/s10586-024-04355-0,Article
Report,Datenschutz und Datensicherheit - DuD,,,,10.1007/s11623-023-1840-7,,2023,https://link.springer.com/article/10.1007/s11623-023-1840-7,Article
An enhanced mechanism for malicious URL detection using deep learning and DistilBERT-based feature extraction,The Journal of Supercomputing,,,,10.1007/s11227-024-06908-x,Rania ZaimiKhouloud Safi EljilMohamed HafidiMahnane LamiaFarid Nait-Abdesselam,2025,https://link.springer.com/article/10.1007/s11227-024-06908-x,Article
An Analysis of Cyber Threats and the Protective Role of Cyber Insurance in the US Market,Security and Management and Wireless Networks,,,,10.1007/978-3-031-86637-1_19,Zia MuhammadJeremy Straub,2025,https://link.springer.com/chapter/10.1007/978-3-031-86637-1_19,Conference paper
A Systematic Literature Review on the Impact of Cybersecurity Threats on Corporate Governance During the Covid-19 Era,Towards Digitally Transforming Accounting and Business Processes,,,,10.1007/978-3-031-46177-4_9,Gorejena NyashaLilian Ifunanya NwosuMakuena Clementina BerengCalvin MahlauleTlotlo Segotso,2024,https://link.springer.com/chapter/10.1007/978-3-031-46177-4_9,Conference paper
"Cybercriminal networks in the UK and Beyond: Network structure, criminal cooperation and external interactions",Trends in Organized Crime,,,,10.1007/s12117-022-09476-9,Jonathan LusthausEdward KleemansRutger LeukfeldtMichael LeviThomas Holt,2023,https://link.springer.com/article/10.1007/s12117-022-09476-9,Article
Prevention and mitigation measures against phishing emails: a sequential schema model,Security Journal,,,,10.1057/s41284-021-00318-x,Yumi E. SuzukiSergio A. Salinas Monroy,2021,https://link.springer.com/article/10.1057/s41284-021-00318-x,Article
"Digital Twins in&#xa0;Healthcare: Security, Privacy, Trust and&#xa0;Safety Challenges",Computer Security. ESORICS 2023 International Workshops,,,,10.1007/978-3-031-54129-2_9,Cecilie Solberg JørgensenAnkur ShuklaBasel Katt,2024,https://link.springer.com/chapter/10.1007/978-3-031-54129-2_9,Conference paper
How do cybercriminals launder the proceeds of their crimes?,International Cybersecurity Law Review,,,,10.1365/s43439-023-00104-y,Fabian TeichmannSonia Boticiu,2023,https://link.springer.com/article/10.1365/s43439-023-00104-y,Article
"Cyber insurance: state of the art, trends and future directions",International Journal of Information Security,,,,10.1007/s10207-023-00660-8,Aggeliki TsohouVasiliki DiamantopoulouStefanos GritzalisCostas Lambrinoudakis,2023,https://link.springer.com/article/10.1007/s10207-023-00660-8,Article
Replacing Human Input in&#xa0;Spam Email Detection Using Deep Learning,Artificial Intelligence in HCI,,,,10.1007/978-3-031-05643-7_25,Mathew NichoFarzan MajdaniChristopher D. McDermott,2022,https://link.springer.com/chapter/10.1007/978-3-031-05643-7_25,Conference paper
The Importance of Cybersecurity Awareness Training in the Aviation Industry for Early Detection of Cyberthreats and Vulnerabilities,HCI International 2023 – Late Breaking Papers,,,,10.1007/978-3-031-48057-7_29,Regner SabillonJuan Ramon Bermejo Higuera,2023,https://link.springer.com/chapter/10.1007/978-3-031-48057-7_29,Conference paper
Multi-labeling with topic models for searching security information,Annals of Telecommunications,,,,10.1007/s12243-022-00928-5,Yuki OsadaRyusei NagasawaYoshiaki ShiraishiMakoto TakitaKeisuke FurumotoTakeshi TakahashiMasami MohriMasakatu Morii,2022,https://link.springer.com/article/10.1007/s12243-022-00928-5,Article
Securing Healthcare Systems: Modern Threats and Strategic Developments in Cybersecurity,Intelligent Computing and Communication,,,,10.1007/978-981-96-1267-3_27,M. Husain BathushawS. Nagasundaram,2025,https://link.springer.com/chapter/10.1007/978-981-96-1267-3_27,Conference paper
Advancing cybersecurity: a comprehensive review of AI-driven detection techniques,Journal of Big Data,,,,10.1186/s40537-024-00957-y,Aya H. SalemSafaa M. AzzamO. E. EmamAmr A. Abohany,2024,https://link.springer.com/article/10.1186/s40537-024-00957-y,Article
INCHAIN: a cyber insurance architecture with smart contracts and self-sovereign identity on top of blockchain,International Journal of Information Security,,,,10.1007/s10207-023-00741-8,Aristeidis FaraoGeorgios PaparisSakshyam PandaEmmanouil PanaousisApostolis ZarrasChristos Xenakis,2023,https://link.springer.com/article/10.1007/s10207-023-00741-8,Article
Report,Datenschutz und Datensicherheit - DuD,,,,10.1007/s11623-021-1519-x,,2021,https://link.springer.com/article/10.1007/s11623-021-1519-x,Article
Artificial Intelligence Methods in Email Marketing—A Survey,Dependable Computer Systems and Networks,,,,10.1007/978-3-031-37720-4_8,Anna Jach,2023,https://link.springer.com/chapter/10.1007/978-3-031-37720-4_8,Conference paper
Economic Crimes in Current Era: World and Indian Context,Intelligent System and Data Analysis,,,,10.1007/978-981-97-5200-3_12,Arjun ChoudharyAshish TripathiMeenakshi PuniaChetanya KunndraVikas Kumar Kharbas,2025,https://link.springer.com/chapter/10.1007/978-981-97-5200-3_12,Conference paper
Cyber Threat Intelligence Methodologies: Hunting Cyber Threats with Threat Intelligence Platforms and Deception Techniques,2nd EAI International Conference on Smart Technology,,,,10.1007/978-3-031-07670-1_2,Arturo E. TorresFrancisco TorresArturo Torres Budgud,2023,https://link.springer.com/chapter/10.1007/978-3-031-07670-1_2,Conference paper
Another Look at Cybersecurity Awareness Programs,Human Aspects of Information Security and Assurance,,,,10.1007/978-3-031-38530-8_2,S. H. von SolmsJaco du ToitElmarie Kritzinger,2023,https://link.springer.com/chapter/10.1007/978-3-031-38530-8_2,Conference paper
Comprehensive framework for implementing blockchain-enabled federated learning and full homomorphic encryption for chatbot security system,Cluster Computing,,,,10.1007/s10586-024-04515-2,Nasir Ahmad JalaliChen Hongsong,2024,https://link.springer.com/article/10.1007/s10586-024-04515-2,Article
Cybersecurity Incidents in Relation to Fraudulent SIM Card Registration in Malawi,"Mathematical Modeling, Applied Analysis and Computational Methods",,,,10.1007/978-981-96-3460-6_12,Mangani D. KazembeSudeep VarshneyKeshav Gupta,2025,https://link.springer.com/chapter/10.1007/978-981-96-3460-6_12,Conference paper
Artificial intelligence in the COVID-19 pandemic: balancing benefits and ethical challenges in China’s response,Humanities and Social Sciences Communications,,,,10.1057/s41599-025-04564-x,Xiaojun DingBingxing ShangCaifeng XieJiayi XinFeng Yu,2025,https://link.springer.com/article/10.1057/s41599-025-04564-x,Article
Lost in the Maze: Disentangling the Behavioral Variety of Money Laundering,European Journal on Criminal Policy and Research,,,,10.1007/s10610-023-09572-8,Mirko Nazzari,2023,https://link.springer.com/article/10.1007/s10610-023-09572-8,Article
Mouse Dynamics-Based Online Fraud Detection System for Online Education Platforms,Proceedings of Ninth International Congress on Information and Communication Technology,,,,10.1007/978-981-97-3302-6_21,Aditya SubashInsu SongIckjai LeeKyungmi Lee,2024,https://link.springer.com/chapter/10.1007/978-981-97-3302-6_21,Conference paper
Cybercrime Analysis of India Using Machine Learning,Data Science and Applications,,,,10.1007/978-981-99-7820-5_11,Aviral GoyalLydia J. Gnanasigamani,2024,https://link.springer.com/chapter/10.1007/978-981-99-7820-5_11,Conference paper
The Effect of Internet Threat on Small Businesses in South Africa,Networks and Systems in Cybernetics,,,,10.1007/978-3-031-35317-8_14,Awosejo Oluwaseun JohnsonAgnieta PretoriusTendani Lavhengwa,2023,https://link.springer.com/chapter/10.1007/978-3-031-35317-8_14,Conference paper
"Digital health data security practices among health professionals in low-resource settings: cross-sectional study in Amhara Region, Ethiopia",BMC Medical Informatics and Decision Making,,,,10.1186/s12911-025-02902-2,Ayenew Sisay GebeyewWondwossen ZemeneBinyam Chaklu TilahunNebyu Demeke MengestieBerhanu Fikade EndehabtuZegeye Regasa WordofaMitiku Kassaw TakilloGedefaw Belete AshagrieMelaku Molla Sisay,2025,https://link.springer.com/article/10.1186/s12911-025-02902-2,Article
Report,Datenschutz und Datensicherheit - DuD,,,,10.1007/s11623-021-1446-x,,2021,https://link.springer.com/article/10.1007/s11623-021-1446-x,Article
Using artificial intelligence (AI) and deepfakes to deceive victims: the need to rethink current romance fraud prevention messaging,Crime Prevention and Community Safety,,,,10.1057/s41300-021-00134-w,Cassandra Cross,2022,https://link.springer.com/article/10.1057/s41300-021-00134-w,Article
Enhanced Lightweight Model for Detection of Phishing URL Using Machine Learning,ICT Analysis and Applications,,,,10.1007/978-981-15-8354-4_6,Siddhesh MasurkarVipul Dalal,2021,https://link.springer.com/chapter/10.1007/978-981-15-8354-4_6,Conference paper
Enhanced Lightweight Model for Detection of Phishing URL Using Machine Learning,Machine Intelligence and Smart Systems,,,,10.1007/978-981-33-4893-6_24,Siddhesh MasurkarVipul Dalal,2021,https://link.springer.com/chapter/10.1007/978-981-33-4893-6_24,Conference paper
Designing an Email Security Awareness Program for State-Owned Enterprises in Namibia,IOT with Smart Systems,,,,10.1007/978-981-16-3945-6_67,Mamoqenelo Priscilla MorolongFungai Bhunu ShavaVictor Goodson Shilongo,2022,https://link.springer.com/chapter/10.1007/978-981-16-3945-6_67,Conference paper
Robust Keystroke Behavior Features for Continuous User Authentication for Online Fraud Detection,Proceedings of Eighth International Congress on Information and Communication Technology,,,,10.1007/978-981-99-3243-6_71,Aditya SubashInsu SongKexin Tao,2023,https://link.springer.com/chapter/10.1007/978-981-99-3243-6_71,Conference paper
Smart Hospitals and Cyber Security Attacks,Digital Technologies and Applications,,,,10.1007/978-3-030-73882-2_27,Yassine ChahidMohammed BenabdellahNabil Kannouf,2021,https://link.springer.com/chapter/10.1007/978-3-030-73882-2_27,Conference paper
Applicability of machine learning in spam and phishing email filtering: review and approaches,Artificial Intelligence Review,,,,10.1007/s10462-020-09814-9,Tushaar GangavarapuC. D. JaidharBhabesh Chanduka,2020,https://link.springer.com/article/10.1007/s10462-020-09814-9,Article
Towards digital organized crime and digital sociology of organized crime,Trends in Organized Crime,,,,10.1007/s12117-022-09457-y,Andrea Di Nicola,2022,https://link.springer.com/article/10.1007/s12117-022-09457-y,Article
A roadmap for governing AI: technology governance and power-sharing liberalism,AI and Ethics,,,,10.1007/s43681-024-00635-y,Danielle AllenSarah HubbardWoojin LimAllison StangerShlomit WagmanKinney ZalesneOmoaholo Omoakhalen,2025,https://link.springer.com/article/10.1007/s43681-024-00635-y,Article
Early Detection of&#xa0;Spam Domains with&#xa0;Passive DNS and&#xa0;SPF,Passive and Active Measurement,,,,10.1007/978-3-030-98785-5_2,Simon FernandezMaciej KorczyńskiAndrzej Duda,2022,https://link.springer.com/chapter/10.1007/978-3-030-98785-5_2,Conference paper
Behavioral Anomaly Model for Detecting Compromised Accounts on a Social Network,Advances in Computational Collective Intelligence,,,,10.1007/978-3-030-88113-9_20,Antonin FuchsMiroslava Mikusova,2021,https://link.springer.com/chapter/10.1007/978-3-030-88113-9_20,Conference paper
A Cyber4Dev Security Culture Model,"Advanced Research in Technologies, Information, Innovation and Sustainability",,,,10.1007/978-3-031-20316-9_26,Morena Abiel TsoeuAdéle da Veiga,2022,https://link.springer.com/chapter/10.1007/978-3-031-20316-9_26,Conference paper
A logical consideration on fraudulent email communication,Artificial Life and Robotics,,,,10.1007/s10015-020-00597-4,Seiko MyojinNoboru Babaguchi,2020,https://link.springer.com/article/10.1007/s10015-020-00597-4,Article
Fuzzy graphs in telecommunications: exploring average fuzzy cyclic connectivity for enhanced connectivity analysis,Journal of Applied Mathematics and Computing,,,,10.1007/s12190-024-02117-0,P. SujithraSunil MathewJ. N. Mordeson,2024,https://link.springer.com/article/10.1007/s12190-024-02117-0,Article
Cyber threat assessment and management for securing healthcare ecosystems using natural language processing,International Journal of Information Security,,,,10.1007/s10207-023-00769-w,Stefano SilvestriShareful IslamDmitry AmelinGabriele WeilerSpyridon PapastergiouMario Ciampi,2023,https://link.springer.com/article/10.1007/s10207-023-00769-w,Article
Digital Transformation Impact in Security and Privacy,Developments and Advances in Defense and Security,,,,10.1007/978-981-16-4884-7_6,Andrea DíazLaura GuerraEleazar Díaz,2022,https://link.springer.com/chapter/10.1007/978-981-16-4884-7_6,Conference paper
Cyber Threat Intelligence – What Does It Even Mean?,Cyber Threat Intelligence,,,,10.1007/978-1-4842-7220-6_2,Aaron Roberts,2021,https://link.springer.com/chapter/10.1007/978-1-4842-7220-6_2,Chapter
Estimating vulnerability metrics with word embedding and multiclass classification methods,International Journal of Information Security,,,,10.1007/s10207-023-00734-7,Hakan KekülBurhan ErgenHalil Arslan,2023,https://link.springer.com/article/10.1007/s10207-023-00734-7,Article
"
   Report
  ",Datenschutz und Datensicherheit - DuD,,,,10.1007/s11623-020-1390-1,,2021,https://link.springer.com/article/10.1007/s11623-020-1390-1,Article
"
   Report
  ",Datenschutz und Datensicherheit - DuD,,,,10.1007/s11623-021-1477-3,,2021,https://link.springer.com/article/10.1007/s11623-021-1477-3,Article
"
Report
",Datenschutz und Datensicherheit - DuD,,,,10.1007/s11623-020-1295-z,,2020,https://link.springer.com/article/10.1007/s11623-020-1295-z,Article
Interdisciplinary Cybersecurity: Rethinking the Approach and the Process,National Cyber Summit (NCS) Research Track,,,,10.1007/978-3-030-31239-8_6,Johanna JacobMichelle PetersT. Andrew Yang,2020,https://link.springer.com/chapter/10.1007/978-3-030-31239-8_6,Conference paper
The Psychology of Internet Fraud Victimisation: a Systematic Review,Journal of Police and Criminal Psychology,,,,10.1007/s11896-019-09334-5,Gareth NorrisAlexandra BrookesDavid Dowell,2019,https://link.springer.com/article/10.1007/s11896-019-09334-5,Article
Where the User Does Look When Reading Phishing Mails – An Eye-Tracking Study,Learning and Collaboration Technologies. Designing Learning Experiences,,,,10.1007/978-3-030-21814-0_21,Kevin PfeffelPhilipp UlsamerNicholas H. Müller,2019,https://link.springer.com/chapter/10.1007/978-3-030-21814-0_21,Conference paper
An Analysis of Malware Trends in Enterprise Networks,Information Security,,,,10.1007/978-3-030-30215-3_18,Abbas AcarLong LuA. Selcuk UluagacEngin Kirda,2019,https://link.springer.com/chapter/10.1007/978-3-030-30215-3_18,Conference paper
Biometrie 2.0 – Sicherheit durch kontinuierliche Authentifizierung,Digitale Welt,,,,10.1007/s42354-019-0175-x,Sebastian MayerWerner ThalmeierKarl-Otto FegerFrank ReiländerDirk Rosenau,2019,https://link.springer.com/article/10.1007/s42354-019-0175-x,Article
Towards the Creation of a Threat Intelligence Framework for Maritime Infrastructures,Computer Security,,,,10.1007/978-3-030-42048-2_4,Nikolaos PitropakisMarios LogothetisGennady AndrienkoJason StefanatosEirini KarapistoliCostas Lambrinoudakis,2020,https://link.springer.com/chapter/10.1007/978-3-030-42048-2_4,Conference paper
Leaving on a jet plane: the trade in fraudulently obtained airline tickets,"Crime, Law and Social Change",,,,10.1007/s10611-018-9777-8,Alice Hutchings,2018,https://link.springer.com/article/10.1007/s10611-018-9777-8,Article
X-Platform Phishing: Abusing Trust for&#xa0;Targeted Attacks Short Paper,Financial Cryptography and Data Security,,,,10.1007/978-3-319-70278-0_37,Hossein SiadatiToan NguyenNasir Memon,2017,https://link.springer.com/chapter/10.1007/978-3-319-70278-0_37,Conference paper
Understanding Social Engineering Based Scams,,,,,10.1007/978-1-4939-6457-4,Markus Jakobsson,2016,https://link.springer.com/book/10.1007/978-1-4939-6457-4,Book
A novel approach to protect against phishing attacks at client side using auto-updated white-list,EURASIP Journal on Information Security,,,,10.1186/s13635-016-0034-3,Ankit Kumar JainB. B. Gupta,2016,https://link.springer.com/article/10.1186/s13635-016-0034-3,Article
Fighting against phishing attacks: state of the art and future challenges,Neural Computing and Applications,,,,10.1007/s00521-016-2275-y,B. B. GuptaAakanksha TewariAnkit Kumar JainDharma P. Agrawal,2016,https://link.springer.com/article/10.1007/s00521-016-2275-y,Article
Mobile Money in the Australasian Region - A Technical Security Perspective,Applications and Techniques in Information Security,,,,10.1007/978-981-10-2741-3_13,Swathi ParasaLynn Margaret Batten,2016,https://link.springer.com/chapter/10.1007/978-981-10-2741-3_13,Conference paper
"History, development, and principles of large language models: an introductory survey",AI and Ethics,,,,10.1007/s43681-024-00583-7,Zichong WangZhibo ChuThang Viet DoanShiwen NiMin YangWenbin Zhang,2024,https://link.springer.com/article/10.1007/s43681-024-00583-7,Article
Industry 5.0 or industry 4.0S? Introduction to industry 4.0 and a peek into the prospective industry 5.0 technologies,International Journal on Interactive Design and Manufacturing (IJIDeM),,,,10.1007/s12008-023-01217-8,Abirami Raja SanthiPadmakumar Muthuswamy,2023,https://link.springer.com/article/10.1007/s12008-023-01217-8,Article
Malware Architectural View with Performance Analysis in Network at Its Activation State,Cognitive Informatics and Soft Computing,,,,10.1007/978-981-13-0617-4_20,Sisira Kumar KapatSatya Narayan Tripathy,2019,https://link.springer.com/chapter/10.1007/978-981-13-0617-4_20,Conference paper
Tree parity machine guided patients’ privileged based secure sharing of electronic medical record: cybersecurity for telehealth during COVID-19,Multimedia Tools and Applications,,,,10.1007/s11042-021-10705-6,Arindam SarkarMoumita Sarkar,2021,https://link.springer.com/article/10.1007/s11042-021-10705-6,Article
